Trd, 000001.280, 100.0
Trd, 000002.560, 103.61711927329584
Trd, 000002.980, 104.0
Trd, 000003.580, 112.0
Trd, 000004.300, 72.12528834873062
Trd, 000004.680, 82.0
Trd, 000004.840, 83.0
Trd, 000004.940, 80
Trd, 000005.000, 95.0
Trd, 000005.480, 83
Trd, 000006.020, 83
Trd, 000006.200, 82
Trd, 000007.360, 94
Trd, 000007.400, 95.0
Trd, 000007.640, 95
Trd, 000007.920, 95
Trd, 000008.120, 92
Trd, 000008.160, 96
Trd, 000008.620, 93
Trd, 000009.280, 96
Trd, 000010.000, 95
Trd, 000010.740, 95
Trd, 000010.880, 97
Trd, 000011.380, 103.54057526466234
Trd, 000012.220, 94
Trd, 000012.400, 93
Trd, 000012.520, 82
Trd, 000012.860, 106.61711927329584
Trd, 000013.340, 100.0
Trd, 000013.780, 105.0
Trd, 000014.480, 105.0
Trd, 000014.880, 109
Trd, 000015.880, 111.89811793469062
Trd, 000016.180, 110
Trd, 000016.500, 109
Trd, 000016.540, 108.0
Trd, 000017.420, 95
Trd, 000017.640, 115.89811793469062
Trd, 000017.860, 104.0
Trd, 000018.240, 95
Trd, 000019.460, 102.08677489248271
Trd, 000019.720, 101.54057526466234
Trd, 000020.220, 101
Trd, 000020.640, 100
Trd, 000020.820, 118.0
Trd, 000021.660, 118
Trd, 000021.800, 116.0
Trd, 000022.280, 108
Trd, 000022.600, 115.0
Trd, 000022.640, 92.0
Trd, 000023.540, 115.0
Trd, 000023.680, 104.0
Trd, 000024.180, 92.0
Trd, 000024.560, 110
Trd, 000024.640, 92
Trd, 000024.960, 94.0
Trd, 000026.500, 104.0
Trd, 000026.840, 99
Trd, 000026.860, 93.0
Trd, 000027.020, 111.0
Trd, 000027.080, 91.0
Trd, 000027.120, 112.0
Trd, 000028.000, 100.0
Trd, 000029.140, 100
Trd, 000030.280, 100.75808229316478
Trd, 000030.720, 100
Trd, 000030.940, 100
Trd, 000031.240, 101.75808229316478
Trd, 000031.680, 103
Trd, 000031.760, 102
Trd, 000033.020, 107.75808229316478
Trd, 000033.120, 101
Trd, 000033.500, 112.0
Trd, 000034.040, 94
Trd, 000034.520, 99
Trd, 000034.780, 98
Trd, 000034.840, 98.0
Trd, 000035.540, 92.0
Trd, 000035.740, 91.0
Trd, 000036.780, 82
Trd, 000037.200, 94.0
Trd, 000037.240, 95.0
Trd, 000037.760, 80.0
Trd, 000038.140, 94
Trd, 000038.940, 92.0
Trd, 000038.960, 93
Trd, 000039.680, 99.0
Trd, 000040.820, 100.0
Trd, 000041.060, 111.0
Trd, 000041.460, 99.0
Trd, 000042.440, 105
Trd, 000042.620, 105
Trd, 000043.560, 104
Trd, 000043.700, 91.0
Trd, 000043.960, 104.75808229316478
Trd, 000044.580, 104.0
Trd, 000046.000, 107.0
Trd, 000046.260, 107.0
Trd, 000046.880, 105
Trd, 000047.860, 107.0
Trd, 000048.220, 106
Trd, 000048.240, 111.0
Trd, 000048.780, 104
Trd, 000048.940, 104.0
Trd, 000049.940, 107
Trd, 000050.000, 106
Trd, 000050.060, 104
Trd, 000050.900, 110.0
Trd, 000052.360, 109
Trd, 000052.540, 110.0
Trd, 000052.640, 108
Trd, 000052.720, 112.0
Trd, 000052.780, 108
Trd, 000052.860, 105
Trd, 000054.200, 116.0
Trd, 000055.320, 113
Trd, 000055.360, 113
Trd, 000055.400, 115.0
Trd, 000055.660, 111
Trd, 000055.700, 116.0
Trd, 000055.880, 92
Trd, 000056.120, 95
Trd, 000056.320, 104.0
Trd, 000056.840, 109
Trd, 000056.980, 104
Trd, 000057.220, 95.0
Trd, 000057.940, 110
Trd, 000058.960, 106
Trd, 000060.480, 104
Trd, 000060.620, 105
Trd, 000060.740, 104
Trd, 000060.800, 106
Trd, 000061.820, 91.0
Trd, 000061.980, 80
Trd, 000062.140, 79.0
Trd, 000062.720, 87
Trd, 000063.300, 105
Trd, 000064.580, 108.0
Trd, 000065.000, 106.22873317500708
Trd, 000065.320, 106.22873317500708
Trd, 000065.380, 107.22873317500708
Trd, 000065.400, 106.0
Trd, 000065.560, 104.0
Trd, 000066.100, 95.0
Trd, 000066.220, 91.0
Trd, 000067.180, 97.0
Trd, 000067.260, 98.0
Trd, 000067.540, 97
Trd, 000068.760, 96
Trd, 000069.400, 98.0
Trd, 000070.100, 95
Trd, 000070.620, 94
Trd, 000070.920, 100.0
Trd, 000071.580, 107.75131651454066
Trd, 000072.220, 104.0
Trd, 000072.280, 102
Trd, 000072.400, 111.0
Trd, 000074.140, 105
Trd, 000074.660, 107
Trd, 000075.060, 106
Trd, 000075.280, 107.0
Trd, 000075.340, 106.22873317500708
Trd, 000075.420, 106
Trd, 000075.780, 105
Trd, 000075.800, 94
Trd, 000076.560, 106.0
Trd, 000076.680, 105.0
Trd, 000076.960, 107.75808229316478
Trd, 000078.840, 106.0
Trd, 000079.040, 107.0
Trd, 000079.300, 106
Trd, 000079.700, 105
Trd, 000080.140, 105
Trd, 000080.340, 106
Trd, 000080.900, 105.0
Trd, 000081.120, 106
Trd, 000081.580, 113
Trd, 000082.300, 111.0
Trd, 000082.340, 110.0
Trd, 000082.520, 108.0
Trd, 000083.240, 104.0
Trd, 000083.520, 107.51435515929766
Trd, 000083.660, 96
Trd, 000084.320, 103
Trd, 000084.580, 107.51435515929766
Trd, 000084.720, 107.51435515929766
Trd, 000085.020, 103
Trd, 000085.860, 104
Trd, 000086.920, 95
Trd, 000087.300, 95
Trd, 000087.960, 102
Trd, 000088.560, 102
Trd, 000088.820, 96
Trd, 000089.160, 95
Trd, 000089.500, 94
Trd, 000090.400, 99.0
Trd, 000090.680, 100.0
Trd, 000090.960, 104
Trd, 000091.580, 107.22873317500708
Trd, 000092.200, 112.90162798730225
Trd, 000092.260, 97
Trd, 000092.640, 80
Trd, 000095.240, 107.2972687827049
Trd, 000095.360, 106
Trd, 000095.440, 105
Trd, 000095.500, 104
Trd, 000096.000, 104.0
Trd, 000096.240, 104
Trd, 000097.620, 91.0
Trd, 000098.020, 96
Trd, 000098.320, 96
Trd, 000098.500, 97
Trd, 000098.600, 98
Trd, 000100.180, 100.0
Trd, 000100.760, 98
Trd, 000100.820, 104.75808229316478
Trd, 000101.400, 105.75808229316478
Trd, 000101.420, 99
Trd, 000103.220, 106.75808229316478
Trd, 000103.300, 106.0
Trd, 000103.400, 104.0
Trd, 000103.560, 107.22873317500708
Trd, 000103.820, 104
Trd, 000105.280, 102
Trd, 000105.440, 105
Trd, 000105.900, 103
Trd, 000105.940, 112.90162798730225
Trd, 000106.540, 107
Trd, 000106.680, 108
Trd, 000106.700, 107
Trd, 000107.160, 120.0
Trd, 000107.180, 125
Trd, 000108.000, 104
Trd, 000108.020, 103
Trd, 000108.720, 116.0
Trd, 000109.600, 117
Trd, 000109.780, 116
Trd, 000109.980, 94
Trd, 000110.500, 97.0
Trd, 000110.620, 91.0
Trd, 000110.980, 98.0
Trd, 000112.140, 97.0
Trd, 000112.360, 99.0
Trd, 000112.700, 100.0
Trd, 000113.700, 107.75808229316478
Trd, 000114.040, 112.90162798730225
Trd, 000114.160, 105
Trd, 000114.860, 110
Trd, 000114.880, 109
Trd, 000115.940, 110
Trd, 000116.040, 110
Trd, 000117.240, 108
Trd, 000118.520, 105.0
Trd, 000118.620, 109
Trd, 000118.720, 104.0
Trd, 000119.140, 109
Trd, 000119.480, 106
Trd, 000119.720, 109
Trd, 000120.240, 105
Trd, 000120.760, 110
Trd, 000121.720, 93
Trd, 000122.080, 91.0
Trd, 000122.180, 100.0
Trd, 000122.520, 105.0
Trd, 000123.500, 107.75808229316478
Trd, 000123.920, 111.0
Trd, 000123.980, 112.0
Trd, 000124.060, 107.0
Trd, 000124.840, 107
Trd, 000125.840, 109
Trd, 000126.340, 107
Trd, 000126.620, 104.0
Trd, 000126.960, 104.22873317500708
Trd, 000127.380, 102
Trd, 000128.680, 99
Trd, 000129.660, 98
Trd, 000129.760, 99
Trd, 000130.300, 99.0
Trd, 000130.340, 94
Trd, 000131.480, 96.0
Trd, 000132.000, 97.0
Trd, 000132.020, 92.0
Trd, 000132.880, 91.0
Trd, 000133.760, 93
Trd, 000134.200, 92
Trd, 000134.640, 95.0
Trd, 000134.840, 95
Trd, 000134.960, 100.0
Trd, 000135.420, 94
Trd, 000135.440, 105.75808229316478
Trd, 000135.660, 93
Trd, 000136.480, 104.75808229316478
Trd, 000137.260, 93
Trd, 000137.640, 99.0
Trd, 000138.360, 100.0
Trd, 000138.580, 107.75808229316478
Trd, 000138.640, 115.51435515929766
Trd, 000139.540, 95
Trd, 000140.020, 95
Trd, 000140.080, 94
Trd, 000140.880, 104.0
Trd, 000142.000, 106.0
Trd, 000142.560, 105
Trd, 000143.300, 107.75808229316478
Trd, 000143.520, 107
Trd, 000143.760, 118.0
Trd, 000144.020, 117.0
Trd, 000144.160, 116.0
Trd, 000144.320, 113
Trd, 000144.560, 118.0
Trd, 000145.020, 119.0
Trd, 000145.560, 114
Trd, 000146.740, 111
Trd, 000147.560, 106
Trd, 000148.140, 115.17718601367739
Trd, 000148.800, 111
Trd, 000148.880, 110
Trd, 000148.980, 116.17718601367739
Trd, 000149.420, 108.0
Trd, 000149.560, 112
Trd, 000149.760, 104.0
Trd, 000149.780, 120.0
Trd, 000149.800, 93
Trd, 000151.020, 98.0
Trd, 000151.360, 98.0
Trd, 000151.840, 99.0
Trd, 000152.100, 96
Trd, 000152.380, 95
Trd, 000153.060, 93
Trd, 000153.920, 91.0
Trd, 000154.780, 94.0
Trd, 000154.840, 95.0
Trd, 000156.140, 95.0
Trd, 000156.640, 95
Trd, 000157.200, 94
Trd, 000157.380, 95
Trd, 000157.640, 94
Trd, 000158.100, 95.0
Trd, 000158.160, 93.0
Trd, 000159.560, 95.0
Trd, 000159.920, 95
Trd, 000160.180, 100.0
Trd, 000160.380, 107.75808229316478
Trd, 000160.440, 115.51435515929766
Trd, 000160.600, 94
Trd, 000162.060, 108
Trd, 000162.300, 115.0
Trd, 000162.500, 108.0
Trd, 000163.860, 109
Trd, 000164.100, 112.0
Trd, 000164.900, 120.0
Trd, 000165.120, 123
Trd, 000165.140, 124
Trd, 000165.560, 110.0
Trd, 000166.120, 108.0
Trd, 000166.640, 104.0
Trd, 000167.000, 118.0
Trd, 000167.500, 106
Trd, 000168.340, 116.17718601367739
Trd, 000168.540, 110
Trd, 000169.080, 110
Trd, 000170.600, 103
Trd, 000170.860, 107.22873317500708
Trd, 000171.940, 105
Trd, 000171.980, 104
Trd, 000172.060, 97
Trd, 000172.680, 105
Trd, 000173.720, 97.0
Trd, 000173.780, 97
Trd, 000173.920, 94
Trd, 000174.400, 99.0
Trd, 000176.080, 95
Trd, 000176.100, 96
Trd, 000176.280, 91
Trd, 000176.480, 91.0
Trd, 000177.480, 92
Trd, 000177.820, 96
Trd, 000178.340, 95
Trd, 000178.840, 95
Trd, 000179.920, 96
Trd, 000180.160, 99.0
Trd, 000180.400, 100.0
Trd, 000180.560, 96
Trd, 000180.940, 104.0
Trd, 000181.940, 104.75808229316478
Trd, 000182.140, 107.75808229316478
Trd, 000182.420, 95
Trd, 000182.660, 116.17718601367739
Trd, 000183.540, 100.0
Trd, 000183.880, 101
Trd, 000184.220, 100
Trd, 000185.680, 101
Trd, 000185.740, 101
Trd, 000186.140, 101
Trd, 000186.260, 100
Trd, 000186.920, 103.22873317500708
Trd, 000187.420, 100
Trd, 000188.380, 103.22873317500708
Trd, 000188.680, 104
Trd, 000188.980, 104.0
Trd, 000190.140, 107.22873317500708
Trd, 000190.180, 112.0
Trd, 000190.520, 104
Trd, 000191.000, 107
Trd, 000191.980, 117.0
Trd, 000192.120, 117.0
Trd, 000192.280, 116.0
Trd, 000192.500, 118.0
Trd, 000192.520, 107
Trd, 000193.140, 111
Trd, 000193.500, 110
Trd, 000193.680, 94
Trd, 000194.120, 80
Trd, 000194.400, 104
Trd, 000194.560, 91.0
Trd, 000195.200, 105
Trd, 000195.440, 106
Trd, 000195.800, 104.0
Trd, 000197.000, 100.0
Trd, 000197.680, 93
Trd, 000197.880, 92
Trd, 000199.080, 94.0
Trd, 000199.160, 95.0
Trd, 000199.360, 95
Trd, 000199.420, 93
Trd, 000199.880, 100.0
Trd, 000199.900, 94
Trd, 000200.120, 107.75808229316478
Trd, 000201.240, 95
Trd, 000202.060, 110.0
Trd, 000202.680, 110.0
Trd, 000203.600, 110.0
Trd, 000203.660, 108.0
Trd, 000204.100, 111.0
Trd, 000204.460, 109
Trd, 000205.420, 94
Trd, 000205.920, 99.0
Trd, 000205.980, 100.0
Trd, 000206.240, 92.0
Trd, 000206.340, 105
Trd, 000207.600, 105.0
Trd, 000207.980, 106.75808229316478
Trd, 000208.160, 104.0
Trd, 000209.180, 103
Trd, 000209.240, 107.22873317500708
Trd, 000209.600, 116.0
Trd, 000210.080, 109
Trd, 000210.660, 112
Trd, 000211.320, 111
Trd, 000211.740, 110
Trd, 000212.160, 112.0
Trd, 000212.340, 110
Trd, 000212.660, 110
Trd, 000213.760, 96
Trd, 000214.100, 116.0
Trd, 000214.700, 107.22873317500708
Trd, 000215.100, 110
Trd, 000215.180, 104.0
Trd, 000215.720, 99.0
Trd, 000216.040, 97
Trd, 000216.400, 97
Trd, 000217.340, 100.0
Trd, 000217.980, 117
Trd, 000218.440, 116.0
Trd, 000219.080, 105
Trd, 000219.520, 105
Trd, 000219.920, 105
Trd, 000220.560, 104.0
Trd, 000220.840, 120.0
Trd, 000221.000, 94
Trd, 000221.020, 85
Trd, 000221.040, 76.99917824336256
Trd, 000222.320, 109
Trd, 000222.460, 105.0
Trd, 000222.580, 104.0
Trd, 000222.760, 80
Trd, 000222.800, 74.98488288337539
Trd, 000224.520, 96
Trd, 000224.560, 97
Trd, 000224.980, 104
Trd, 000225.500, 110.17718601367739
Trd, 000226.760, 103
Trd, 000227.080, 104.38194484371617
Trd, 000227.400, 104
Trd, 000227.780, 103.38194484371617
Trd, 000229.200, 99
Trd, 000230.020, 102
Trd, 000230.320, 101
Trd, 000230.380, 99
Trd, 000230.720, 97
Trd, 000230.860, 101
Trd, 000231.260, 95
Trd, 000231.600, 99
Trd, 000231.660, 100
Trd, 000231.820, 100.0
Trd, 000232.480, 96
Trd, 000232.620, 104.0
Trd, 000232.880, 116.17718601367739
Trd, 000233.140, 97.0
Trd, 000233.640, 120.0
Trd, 000233.680, 95.0
Trd, 000233.860, 104.0
Trd, 000235.900, 117.0
Trd, 000235.980, 116.0
Trd, 000236.160, 94
Trd, 000236.960, 92.0
Trd, 000237.040, 91.0
Trd, 000237.380, 82
Trd, 000238.120, 100
Trd, 000239.140, 99.0
Trd, 000239.680, 97
Trd, 000240.120, 97
Trd, 000240.160, 99.0
Trd, 000240.180, 96
Trd, 000240.800, 99
Trd, 000241.640, 100.0
Trd, 000242.020, 106.75808229316478
Trd, 000242.300, 107.75808229316478
Trd, 000242.860, 107
Trd, 000245.380, 108
Trd, 000245.440, 108
Trd, 000245.500, 110.0
Trd, 000245.780, 107
Trd, 000245.900, 107
Trd, 000246.040, 106
Trd, 000246.840, 104.0
Trd, 000247.180, 94
Trd, 000247.460, 100
Trd, 000247.500, 91.0
Trd, 000247.740, 81
Trd, 000249.020, 101
Trd, 000249.360, 107.22873317500708
Trd, 000249.640, 115.17718601367739
Trd, 000250.460, 92.0
Trd, 000251.300, 94
Trd, 000252.220, 97
Trd, 000252.640, 98
Trd, 000252.660, 98
Trd, 000253.440, 97
Trd, 000253.640, 100.0
Trd, 000254.460, 103
Trd, 000254.920, 102
Trd, 000255.040, 99
Trd, 000255.360, 95
Trd, 000255.680, 94
Trd, 000256.000, 99.0
Trd, 000256.420, 100.0
Trd, 000256.960, 112.17718601367739
Trd, 000257.240, 97
Trd, 000257.540, 106.22873317500708
Trd, 000258.020, 107.22873317500708
Trd, 000258.380, 102
Trd, 000259.140, 104
Trd, 000259.420, 107.22873317500708
Trd, 000260.600, 106
Trd, 000261.120, 105
Trd, 000261.140, 104.0
Trd, 000261.260, 100
Trd, 000262.060, 92
Trd, 000262.660, 96.0
Trd, 000262.880, 93.0
Trd, 000263.440, 96.0
Trd, 000263.520, 96
Trd, 000263.960, 94
Trd, 000265.460, 93.0
Trd, 000265.720, 92.0
Trd, 000265.780, 91.0
Trd, 000266.300, 92
Trd, 000266.700, 93
Trd, 000267.880, 92
Trd, 000268.360, 94.0
Trd, 000268.480, 95.0
Trd, 000270.200, 100.0
Trd, 000270.640, 101
Trd, 000270.820, 107.22873317500708
Trd, 000271.080, 110
Trd, 000271.180, 104
Trd, 000271.640, 106
Trd, 000271.840, 105.0
Trd, 000272.200, 104.0
Trd, 000272.280, 100
Trd, 000273.540, 107.17718601367739
Trd, 000273.700, 104.0
Trd, 000273.840, 100
Trd, 000274.540, 104.17718601367739
Trd, 000274.640, 94
Trd, 000275.440, 95
Trd, 000275.660, 81
Trd, 000275.860, 97
Trd, 000277.560, 92
Trd, 000277.900, 93
Trd, 000278.300, 94
Trd, 000278.680, 95.0
Trd, 000278.700, 93
Trd, 000278.860, 92
Trd, 000279.340, 107.40099416255528
Trd, 000280.240, 97
Trd, 000280.680, 97
Trd, 000281.440, 112.30688965295506
Trd, 000282.000, 105.0
Trd, 000282.260, 105.0
Trd, 000282.580, 104.0
Trd, 000282.700, 103
Trd, 000283.200, 104
Trd, 000283.920, 104.22873317500708
Trd, 000284.660, 103
Trd, 000285.800, 103.22873317500708
Trd, 000286.300, 103
Trd, 000286.340, 105.22873317500708
Trd, 000286.640, 102
Trd, 000286.760, 91.0
Trd, 000287.160, 105.22873317500708
Trd, 000287.900, 100.0
Trd, 000288.120, 92
Trd, 000289.160, 106.22873317500708
Trd, 000289.240, 92
Trd, 000290.280, 105.0
Trd, 000290.800, 104.22873317500708
Trd, 000291.360, 104.22873317500708
Trd, 000291.540, 104.0
Trd, 000291.660, 107.22873317500708
Trd, 000291.820, 101
Trd, 000292.180, 103
Trd, 000292.640, 102
Trd, 000292.900, 101
Trd, 000293.240, 91
Trd, 000294.260, 97.0
Trd, 000294.540, 99.0
Trd, 000294.780, 100.0
Trd, 000294.840, 107.22873317500708
Trd, 000296.160, 113.17718601367739
Trd, 000296.500, 111
Trd, 000296.740, 116.0
Trd, 000297.320, 111
Trd, 000297.740, 108
Trd, 000297.940, 109.30549649985802
Trd, 000298.260, 105.0
Trd, 000299.340, 108
Trd, 000300.220, 105.0
Trd, 000300.280, 109.30549649985802
Trd, 000300.320, 104.0
Trd, 000300.600, 91.0
Trd, 000300.680, 79.0
Trd, 000301.340, 92
Trd, 000303.140, 100.0
Trd, 000303.260, 107.22873317500708
Trd, 000303.340, 116.17718601367739
Trd, 000304.120, 105
Trd, 000304.280, 116.0
Trd, 000304.600, 116
Trd, 000304.760, 115
Trd, 000305.860, 114.0
Trd, 000306.880, 112
Trd, 000307.240, 111
Trd, 000307.460, 108.0
Trd, 000308.040, 107.22873317500708
Trd, 000308.320, 106.0
Trd, 000308.480, 104.0
Trd, 000309.640, 107
Trd, 000309.680, 100
Trd, 000310.520, 100.0
Trd, 000310.780, 92.0
Trd, 000310.980, 102.22873317500708
Trd, 000311.060, 103.22873317500708
Trd, 000311.400, 104.22873317500708
Trd, 000312.000, 104.0
Trd, 000312.600, 102.22873317500708
Trd, 000312.780, 92
Trd, 000314.420, 96
Trd, 000314.680, 104.22873317500708
Trd, 000314.700, 92.0
Trd, 000314.780, 91.0
Trd, 000314.840, 104.22873317500708
Trd, 000315.800, 100.0
Trd, 000316.240, 105.22873317500708
Trd, 000317.480, 94
Trd, 000317.520, 93
Trd, 000318.500, 96
Trd, 000318.560, 96
Trd, 000318.580, 97
Trd, 000319.060, 96
Trd, 000319.340, 96
Trd, 000319.740, 100.0
Trd, 000320.260, 107.22873317500708
Trd, 000321.240, 108
Trd, 000321.820, 109
Trd, 000322.100, 107.22873317500708
Trd, 000322.380, 111.0
Trd, 000323.100, 108
Trd, 000323.160, 108
Trd, 000323.800, 114.30688965295506
Trd, 000324.800, 117.0
Trd, 000324.900, 116.0
Trd, 000325.120, 104.0
Trd, 000325.160, 117.30688965295506
Trd, 000325.560, 108
Trd, 000327.100, 114
Trd, 000327.700, 101
Trd, 000328.300, 109
Trd, 000328.960, 107.22873317500708
Trd, 000329.100, 96
Trd, 000329.120, 94
Trd, 000329.700, 91.0
Trd, 000329.840, 88
Trd, 000330.120, 105.22873317500708
Trd, 000330.820, 103.22873317500708
Trd, 000331.240, 98
Trd, 000332.120, 97
Trd, 000332.540, 99
Trd, 000332.560, 100.0
Trd, 000332.580, 94
Trd, 000332.800, 104.22873317500708
Trd, 000332.860, 107.22873317500708
Trd, 000333.620, 100
Trd, 000334.240, 104.0
Trd, 000335.280, 107.22873317500708
Trd, 000335.520, 115.17718601367739
Trd, 000336.160, 107
Trd, 000336.860, 108
Trd, 000337.180, 107
Trd, 000337.220, 107
Trd, 000338.060, 106.0
Trd, 000338.540, 107.0
Trd, 000338.660, 102
Trd, 000338.940, 104
Trd, 000339.080, 95
Trd, 000339.140, 107.0
Trd, 000339.460, 94
Trd, 000339.700, 112.0
Trd, 000339.900, 91.0
Trd, 000340.980, 110
Trd, 000341.420, 117
Trd, 000341.780, 112
Trd, 000342.020, 111
Trd, 000342.660, 120.0
Trd, 000342.820, 121
Trd, 000343.440, 113
Trd, 000343.660, 110
Trd, 000344.700, 116.17718601367739
Trd, 000344.760, 109.0
Trd, 000346.140, 108.0
Trd, 000347.160, 109
Trd, 000347.220, 110
Trd, 000347.720, 93
Trd, 000347.900, 102
Trd, 000348.620, 102
Trd, 000349.020, 102
Trd, 000349.500, 94
Trd, 000350.340, 102
Trd, 000350.380, 103
Trd, 000350.540, 101
Trd, 000350.640, 100
Trd, 000351.220, 99
Trd, 000352.380, 100.0
Trd, 000352.480, 91.0
Trd, 000352.600, 85
Trd, 000352.760, 103
Trd, 000352.800, 104
Trd, 000353.720, 90
Trd, 000353.860, 107.22873317500708
Trd, 000353.880, 75.40961710814194
Trd, 000354.500, 85
Trd, 000354.900, 83
Trd, 000355.160, 99
Trd, 000355.960, 91.0
Trd, 000356.580, 97
Trd, 000357.500, 96
Trd, 000357.720, 97
Trd, 000358.000, 98
Trd, 000358.680, 99
Trd, 000358.820, 98
Trd, 000359.540, 98
Trd, 000359.840, 99.0
Trd, 000359.900, 100.0
Trd, 000361.320, 107.22873317500708
Trd, 000361.680, 104
Trd, 000361.740, 103
Trd, 000362.520, 103
Trd, 000362.600, 102
Trd, 000363.420, 101
Trd, 000363.860, 103.0
Trd, 000364.180, 104.0
Trd, 000364.700, 96
Trd, 000366.340, 98
Trd, 000366.760, 97
Trd, 000366.920, 99
Trd, 000366.960, 100
Trd, 000367.860, 105
Trd, 000367.960, 100
Trd, 000368.220, 107.22873317500708
Trd, 000369.040, 111.0
Trd, 000369.300, 103
Trd, 000369.360, 101
Trd, 000369.580, 112.0
Trd, 000370.380, 100.0
Trd, 000370.760, 114
Trd, 000372.440, 108
Trd, 000372.660, 107
Trd, 000372.780, 106
Trd, 000373.040, 104.0
Trd, 000373.340, 111.30688965295506
Trd, 000373.480, 112.0
Trd, 000373.840, 120.0
Trd, 000374.240, 116.0
Trd, 000374.920, 109
Trd, 000374.960, 94
Trd, 000376.020, 93.0
Trd, 000376.200, 120
Trd, 000376.560, 82
Trd, 000377.820, 97.0
Trd, 000377.900, 100.0
Trd, 000378.000, 122
Trd, 000378.360, 92.0
Trd, 000379.160, 109
Trd, 000379.340, 105.0
Trd, 000380.080, 107.0
Trd, 000380.480, 116.30688965295506
Trd, 000381.540, 109.0
Trd, 000381.940, 108.0
Trd, 000382.140, 108.0
Trd, 000382.720, 110.0
Trd, 000383.060, 108
Trd, 000383.440, 108.0
Trd, 000384.460, 106
Trd, 000384.560, 104
Trd, 000384.740, 107.0
Trd, 000385.360, 106.0
Trd, 000385.620, 107.0
Trd, 000386.220, 106.22873317500708
Trd, 000386.640, 104.0
Trd, 000387.000, 106
Trd, 000387.340, 100
Trd, 000388.500, 103
Trd, 000389.340, 102
Trd, 000390.560, 100
Trd, 000390.820, 101
Trd, 000391.140, 97.0
Trd, 000391.500, 98
Trd, 000391.700, 95
Trd, 000392.020, 94
Trd, 000392.200, 100
Trd, 000392.280, 100.0
Trd, 000392.700, 105.22873317500708
Trd, 000392.920, 107.22873317500708
Trd, 000393.600, 99
Trd, 000393.700, 99
Trd, 000394.620, 97.0
Trd, 000394.940, 93
Trd, 000395.420, 96
Trd, 000396.100, 98.0
Trd, 000396.140, 96
Trd, 000396.520, 100.0
Trd, 000397.720, 105.22873317500708
Trd, 000397.960, 105.0
Trd, 000398.500, 105.0
Trd, 000399.680, 104.0
Trd, 000399.720, 104.22873317500708
Trd, 000401.040, 103
Trd, 000402.120, 105.22873317500708
Trd, 000402.140, 104
Trd, 000402.200, 106.22873317500708
Trd, 000402.340, 107.22873317500708
Trd, 000402.520, 105
Trd, 000402.780, 112.0
Trd, 000402.800, 103
Trd, 000404.440, 110.0
Trd, 000404.700, 106.0
Trd, 000405.360, 106.0
Trd, 000405.960, 107
Trd, 000406.060, 107.22873317500708
Trd, 000406.100, 117.0
Trd, 000406.260, 104.0
Trd, 000406.320, 118.0
Trd, 000406.380, 94
Trd, 000406.640, 100.0
Trd, 000407.300, 116.0
Trd, 000408.340, 112.0
Trd, 000408.480, 119.0
Trd, 000409.360, 112
Trd, 000409.780, 112
Trd, 000410.260, 112.0
Trd, 000410.340, 111
Trd, 000410.720, 109.0
Trd, 000411.000, 116.0
Trd, 000411.340, 111
Trd, 000411.540, 115
Trd, 000412.100, 108.0
Trd, 000412.780, 104.0
Trd, 000412.880, 112
Trd, 000413.200, 106
Trd, 000413.240, 91.0
Trd, 000413.280, 82
Trd, 000414.180, 88
Trd, 000415.180, 92
Trd, 000415.340, 81
Trd, 000415.900, 99.47994590780623
Trd, 000416.700, 99.0
Trd, 000416.760, 100.0
Trd, 000418.160, 106.22873317500708
Trd, 000418.340, 104
Trd, 000418.660, 104
Trd, 000418.800, 103
Trd, 000419.060, 105.22873317500708
Trd, 000420.420, 103
Trd, 000420.480, 104.0
Trd, 000421.480, 104
Trd, 000421.640, 103
Trd, 000422.600, 103
Trd, 000422.820, 103.22873317500708
Trd, 000423.420, 91.0
Trd, 000423.500, 91
Trd, 000423.820, 103
Trd, 000424.180, 95
Trd, 000425.400, 105.22873317500708
Trd, 000425.460, 99
Trd, 000425.800, 98
Trd, 000426.420, 99.0
Trd, 000426.940, 99
Trd, 000427.040, 100.0
Trd, 000427.840, 108.21456677571516
Trd, 000428.340, 104.0
Trd, 000428.460, 103
Trd, 000428.940, 100.0
Trd, 000429.340, 94
Trd, 000430.800, 105.22873317500708
Trd, 000430.840, 105.0
Trd, 000431.600, 107.22873317500708
Trd, 000432.560, 107
Trd, 000433.020, 105
Trd, 000433.660, 108.0
Trd, 000433.720, 107.0
Trd, 000434.400, 105.0
Trd, 000434.700, 104.0
Trd, 000434.840, 107.0
Trd, 000435.060, 108.0
Trd, 000435.080, 112.0
Trd, 000435.120, 120.0
Trd, 000435.300, 107.22873317500708
Trd, 000436.480, 105
Trd, 000436.840, 101
Trd, 000436.920, 100
Trd, 000437.940, 103
Trd, 000438.260, 103
Trd, 000438.520, 104
Trd, 000438.800, 101
Trd, 000439.800, 103
Trd, 000440.220, 94.0
Trd, 000441.340, 100.0
Trd, 000442.060, 100
Trd, 000442.080, 104
Trd, 000442.100, 99
Trd, 000442.180, 106
Trd, 000442.940, 105.0
Trd, 000443.160, 105.0
Trd, 000443.440, 104.0
Trd, 000443.540, 93
Trd, 000444.480, 101
Trd, 000444.700, 105
Trd, 000444.840, 99
Trd, 000444.920, 108.21456677571516
Trd, 000446.300, 109.0
Trd, 000446.820, 111.0
Trd, 000447.040, 109
Trd, 000447.900, 112.0
Trd, 000448.020, 111
Trd, 000450.020, 118
Trd, 000450.340, 117.0
Trd, 000450.960, 116.0
Trd, 000451.260, 116
Trd, 000452.340, 110
Trd, 000452.620, 108.0
Trd, 000452.660, 91.0
Trd, 000453.100, 108
Trd, 000454.000, 107.22873317500708
Trd, 000454.240, 107
Trd, 000454.680, 91
Trd, 000454.700, 111
Trd, 000454.820, 104.0
Trd, 000455.940, 110
Trd, 000456.400, 112.0
Trd, 000457.200, 113
Trd, 000457.600, 112
Trd, 000457.800, 111
Trd, 000458.640, 111
Trd, 000458.980, 111
Trd, 000459.180, 110
Trd, 000459.600, 108.0
Trd, 000460.340, 110
Trd, 000460.660, 109
Trd, 000460.800, 110
Trd, 000461.800, 105.0
Trd, 000462.180, 105.0
Trd, 000462.220, 117.0
Trd, 000462.780, 112.0
Trd, 000463.120, 104.0
Trd, 000463.220, 91.0
Trd, 000463.580, 81
Trd, 000464.480, 102
Trd, 000464.720, 80.69192393646071
Trd, 000464.780, 79.69192393646071
Trd, 000465.200, 96
Trd, 000465.600, 94
Trd, 000465.880, 100.0
Trd, 000467.960, 97
Trd, 000468.920, 98.0
Trd, 000469.020, 99.0
Trd, 000469.500, 98
Trd, 000469.700, 107.22873317500708
Trd, 000469.980, 104.0
Trd, 000470.440, 103
Trd, 000471.160, 100
Trd, 000471.360, 94
Trd, 000472.040, 92
Trd, 000473.560, 102.0
Trd, 000473.620, 99
Trd, 000473.780, 103.0
Trd, 000474.020, 100.0
Trd, 000474.280, 111.0
Trd, 000475.060, 105
Trd, 000475.480, 105
Trd, 000475.520, 111.0
Trd, 000476.440, 104.0
Trd, 000476.600, 104
Trd, 000476.640, 103
Trd, 000477.460, 100
Trd, 000477.520, 91.0
Trd, 000478.140, 102.0
Trd, 000478.620, 107.22873317500708
Trd, 000479.360, 113.22178689326702
Trd, 000480.300, 109
Trd, 000480.460, 114.0
Trd, 000480.520, 115.0
Trd, 000480.800, 116.0
Trd, 000481.160, 111
Trd, 000481.920, 110
Trd, 000482.080, 110
Trd, 000482.140, 109
Trd, 000482.480, 113.0
Trd, 000484.040, 112.0
Trd, 000484.180, 110.0
Trd, 000484.620, 109.0
Trd, 000484.720, 113.0
Trd, 000484.840, 108.0
Trd, 000485.140, 108
Trd, 000485.260, 104.0
Trd, 000485.580, 91
Trd, 000485.680, 111
Trd, 000487.320, 100
Trd, 000488.080, 92
Trd, 000488.340, 92.0
Trd, 000488.800, 92
Trd, 000488.860, 95.0
Trd, 000489.500, 104.0
Trd, 000490.140, 103.54284613330175
Trd, 000490.360, 105.54284613330175
Trd, 000490.480, 91.0
Trd, 000492.620, 94
Trd, 000493.320, 100
Trd, 000493.460, 93
Trd, 000493.800, 92
Trd, 000494.240, 92.0
Trd, 000494.540, 100.0
Trd, 000496.300, 100
Trd, 000496.900, 102.22178689326702
Trd, 000497.140, 103.22178689326702
Trd, 000498.160, 106
Trd, 000498.200, 105
Trd, 000498.220, 107.22178689326702
Trd, 000498.680, 105
Trd, 000498.780, 104
Trd, 000498.800, 104.0
Trd, 000499.000, 104
Trd, 000499.200, 113.56908528696016
Trd, 000500.000, 103
Trd, 000501.080, 93
Trd, 000501.220, 99.0
Trd, 000501.780, 99
Trd, 000502.520, 94.0
Trd, 000502.860, 95.0
Trd, 000503.180, 99
Trd, 000503.540, 95
Trd, 000503.820, 99.0
Trd, 000504.540, 94
Trd, 000504.860, 92.0
Trd, 000504.920, 91.0
Trd, 000505.020, 81
Trd, 000506.200, 99.0
Trd, 000506.560, 99
Trd, 000507.020, 99.0
Trd, 000507.300, 99.0
Trd, 000507.660, 88
Trd, 000508.720, 90
Trd, 000509.020, 96.0
Trd, 000509.860, 89
Trd, 000510.020, 100.0
Trd, 000510.940, 104.22873317500708
Trd, 000511.060, 87
Trd, 000511.440, 98
Trd, 000511.560, 88
Trd, 000512.120, 105.22873317500708
Trd, 000512.560, 104.0
Trd, 000513.560, 99
Trd, 000514.500, 100
Trd, 000514.920, 100
Trd, 000514.980, 100.81024507957108
Trd, 000515.340, 107.22873317500708
Trd, 000515.480, 112.0
Trd, 000515.640, 104.0
Trd, 000515.780, 102
Trd, 000516.800, 104
Trd, 000517.640, 117.0
Trd, 000517.820, 116.0
Trd, 000518.280, 120.0
Trd, 000518.540, 113
Trd, 000518.940, 113.22178689326702
Trd, 000520.360, 113
Trd, 000520.820, 93
Trd, 000520.840, 120
Trd, 000521.860, 121
Trd, 000522.960, 118.0
Trd, 000523.120, 117.0
Trd, 000523.400, 117
Trd, 000523.940, 113.22178689326702
Trd, 000524.200, 110
Trd, 000524.360, 105.0
Trd, 000525.120, 105.0
Trd, 000525.800, 100.0
Trd, 000525.820, 108
Trd, 000525.880, 92
Trd, 000527.100, 93.0
Trd, 000527.160, 91.0
Trd, 000527.280, 109.22178689326702
Trd, 000528.120, 93
Trd, 000528.900, 94
Trd, 000529.000, 92
Trd, 000529.100, 102.22178689326702
Trd, 000529.760, 102.22178689326702
Trd, 000531.520, 100
Trd, 000532.320, 98
Trd, 000532.480, 100
Trd, 000532.960, 106.22873317500708
Trd, 000533.820, 100
Trd, 000533.980, 99
Trd, 000534.100, 94
Trd, 000535.080, 104.22873317500708
Trd, 000535.100, 104.0
Trd, 000535.180, 101
Trd, 000535.880, 105.22873317500708
Trd, 000535.920, 106.22873317500708
Trd, 000536.020, 102
Trd, 000536.160, 102
Trd, 000537.560, 100.0
Trd, 000537.840, 99.0
Trd, 000537.880, 107.22873317500708
Trd, 000538.340, 111.0
Trd, 000539.140, 101.0
Trd, 000540.020, 105
Trd, 000541.120, 104
Trd, 000541.340, 104.0
Trd, 000541.460, 104.0
Trd, 000541.640, 103.0
Trd, 000541.680, 103.22873317500708
Trd, 000542.800, 100
Trd, 000543.040, 101
Trd, 000543.120, 93
Trd, 000544.020, 99
Trd, 000544.220, 99
Trd, 000544.820, 107.22873317500708
Trd, 000544.840, 100
Trd, 000545.860, 100
Trd, 000546.280, 99
Trd, 000546.360, 100
Trd, 000546.540, 107.22873317500708
Trd, 000548.700, 101
Trd, 000549.140, 101
Trd, 000549.240, 94
Trd, 000549.860, 93
Trd, 000549.900, 94
Trd, 000550.180, 96.0
Trd, 000550.320, 97.0
Trd, 000551.340, 100.0
Trd, 000552.040, 105.22873317500708
Trd, 000553.080, 99
Trd, 000553.140, 98
Trd, 000555.020, 104.0
Trd, 000555.700, 104.22873317500708
Trd, 000556.220, 105.22873317500708
Trd, 000556.500, 107.22873317500708
Trd, 000556.740, 105
Trd, 000556.760, 104
Trd, 000557.060, 104
Trd, 000557.240, 111.0
Trd, 000557.920, 105
Trd, 000558.600, 109.0
Trd, 000558.620, 110.0
Trd, 000559.260, 95
Trd, 000559.540, 94
Trd, 000559.800, 112.0
Trd, 000560.700, 105
Trd, 000561.320, 119.0
Trd, 000561.600, 105.0
Trd, 000561.740, 105.0
Trd, 000562.340, 105.0
Trd, 000562.560, 104.0
Trd, 000563.760, 106
Trd, 000563.920, 104
Trd, 000564.560, 104.22873317500708
Trd, 000564.800, 104.0
Trd, 000565.120, 94
Trd, 000565.340, 105.22873317500708
Trd, 000566.180, 102
Trd, 000566.540, 102
Trd, 000567.300, 102.22873317500708
Trd, 000567.840, 106.22873317500708
Trd, 000568.580, 107.22873317500708
Trd, 000568.900, 104.0
Trd, 000569.060, 112.0
Trd, 000569.220, 104
Trd, 000569.980, 103
Trd, 000570.560, 105
Trd, 000571.620, 106
Trd, 000572.180, 105.0
Trd, 000572.860, 105.0
Trd, 000573.400, 104
Trd, 000573.700, 106.22873317500708
Trd, 000574.360, 105.0
Trd, 000574.840, 104.0
Trd, 000575.160, 93
Trd, 000575.700, 100.0
Trd, 000576.300, 93.0
Trd, 000576.520, 91.0
Trd, 000576.960, 103
Trd, 000577.160, 80
Trd, 000577.440, 104.22873317500708
Trd, 000578.660, 104.0
Trd, 000578.740, 104.22873317500708
Trd, 000579.480, 107
Trd, 000579.700, 107.22873317500708
Trd, 000580.360, 108
Trd, 000581.200, 109
Trd, 000581.460, 108
Trd, 000581.960, 108
Trd, 000582.100, 108.0
Trd, 000582.900, 109
Trd, 000582.920, 110.0
Trd, 000583.100, 108
Trd, 000583.280, 109
Trd, 000584.000, 108
Trd, 000584.440, 104.0
Trd, 000584.460, 112.0
Trd, 000585.380, 116.0
Trd, 000585.600, 117.0
Trd, 000585.820, 104.0
Trd, 000587.460, 109.0
Trd, 000587.600, 108
Trd, 000587.620, 107
Trd, 000587.800, 98
Trd, 000589.400, 103
Trd, 000589.640, 96
Trd, 000590.080, 97
Trd, 000590.420, 97
Trd, 000590.480, 102.0
Trd, 000590.940, 101.0
Trd, 000591.200, 101.0
Trd, 000591.600, 107.22873317500708
Trd, 000592.880, 108.0
Trd, 000593.040, 107.0
Trd, 000593.300, 109.0
Trd, 000593.780, 106
Trd, 000594.080, 104.0
Trd, 000594.460, 109.0
Trd, 000594.520, 98
Trd, 000594.680, 94
Trd, 000597.080, 103.0
Trd, 000597.360, 102
Trd, 000597.500, 104.0
Trd, 000597.860, 101
Trd, 000598.160, 100
Trd, 000598.940, 100
Trd, 000599.540, 101
Trd, 000599.560, 99
Trd, 000599.840, 101
Trd, 000600.840, 100.0
Trd, 000601.120, 107.22873317500708
Trd, 000601.520, 107.22873317500708
Trd, 000602.360, 108
Trd, 000602.460, 108
Trd, 000602.620, 107
Trd, 000602.660, 109.0
Trd, 000602.780, 111.0
Trd, 000602.840, 107
Trd, 000603.420, 108
Trd, 000603.760, 106
Trd, 000604.460, 108
Trd, 000605.260, 112.0
Trd, 000605.660, 111
Trd, 000607.560, 109
Trd, 000607.760, 107
Trd, 000608.200, 106
Trd, 000608.720, 105.22873317500708
Trd, 000608.960, 106.0
Trd, 000609.000, 107.22873317500708
Trd, 000609.620, 108.0
Trd, 000609.680, 105.0
Trd, 000610.920, 104.0
Trd, 000611.160, 94
Trd, 000611.540, 107.22873317500708
Trd, 000611.620, 94
Trd, 000611.880, 122
Trd, 000612.900, 116.0
Trd, 000613.240, 104
Trd, 000613.280, 97
Trd, 000613.560, 92.0
Trd, 000615.020, 105.0
Trd, 000615.160, 104.0
Trd, 000615.680, 104
Trd, 000615.820, 104
Trd, 000615.980, 93
Trd, 000616.780, 102
Trd, 000616.840, 100
Trd, 000617.360, 99
Trd, 000617.780, 102
Trd, 000619.500, 99
Trd, 000620.180, 99
Trd, 000620.440, 98
Trd, 000620.480, 99
Trd, 000621.060, 107
Trd, 000621.220, 107.22873317500708
Trd, 000621.980, 112.0
Trd, 000622.080, 110
Trd, 000622.200, 109
Trd, 000622.280, 109
Trd, 000623.060, 105
Trd, 000624.340, 91.0
Trd, 000624.600, 104.0
Trd, 000625.240, 108
Trd, 000625.460, 105
Trd, 000625.480, 104
Trd, 000625.720, 95
Trd, 000626.140, 93
Trd, 000626.700, 98
Trd, 000627.640, 93
Trd, 000628.160, 96
Trd, 000628.520, 96
Trd, 000628.660, 96
Trd, 000629.320, 97
Trd, 000630.080, 100.0
Trd, 000630.180, 107.22873317500708
Trd, 000630.760, 100
Trd, 000631.440, 111.0
Trd, 000631.540, 104
Trd, 000632.400, 104
Trd, 000632.580, 107.22873317500708
Trd, 000632.740, 94
Trd, 000633.080, 111.0
Trd, 000633.220, 91.0
Trd, 000633.460, 80
Trd, 000633.840, 100.0
Trd, 000634.300, 75.68706146412836
Trd, 000634.620, 112.0
Trd, 000635.620, 94
Trd, 000635.900, 104.0
Trd, 000636.020, 104
Trd, 000636.600, 116.0
Trd, 000636.840, 109
Trd, 000637.420, 102
Trd, 000638.060, 103.0
Trd, 000638.600, 102
Trd, 000638.800, 104.0
Trd, 000639.120, 101
Trd, 000640.320, 94
Trd, 000640.520, 91.0
Trd, 000640.560, 94.0
Trd, 000640.720, 79
Trd, 000640.880, 75.37921027223068
Trd, 000641.300, 100.0
Trd, 000641.540, 112.0
Trd, 000642.640, 100
Trd, 000643.060, 93
Trd, 000643.420, 102
Trd, 000643.440, 94
Trd, 000644.020, 115.0
Trd, 000645.220, 105.0
Trd, 000645.460, 106
Trd, 000645.920, 104.22873317500708
Trd, 000646.660, 106.22873317500708
Trd, 000647.100, 105.0
Trd, 000647.340, 104.0
Trd, 000648.160, 105
Trd, 000648.320, 104
Trd, 000648.840, 103.0
Trd, 000649.300, 102.0
Trd, 000649.660, 96
Trd, 000649.880, 94
Trd, 000650.000, 102.0
Trd, 000650.560, 102
Trd, 000651.240, 102
Trd, 000651.440, 93.0
Trd, 000652.240, 91.0
Trd, 000652.980, 94
Trd, 000653.900, 97
Trd, 000654.560, 97
Trd, 000654.780, 94
Trd, 000655.140, 96
Trd, 000655.220, 93
Trd, 000655.360, 96
Trd, 000656.280, 95.0
Trd, 000656.480, 99.0
Trd, 000656.960, 98.0
Trd, 000658.140, 98.0
Trd, 000658.920, 100.0
Trd, 000658.940, 107.22873317500708
Trd, 000659.300, 100
Trd, 000660.020, 112.0
Trd, 000660.140, 105
Trd, 000660.260, 105
Trd, 000660.720, 106
Trd, 000661.240, 106
Trd, 000661.600, 94
Trd, 000662.740, 104.0
Trd, 000663.060, 107
Trd, 000663.640, 111
Trd, 000663.780, 110
Trd, 000663.860, 112.0
Trd, 000664.360, 125.0
Trd, 000664.680, 117.0
Trd, 000664.760, 116.0
Trd, 000665.520, 108
Trd, 000665.800, 108.14852380396385
Trd, 000666.160, 110
Trd, 000666.220, 107
Trd, 000667.880, 104.0
Trd, 000668.580, 97
Trd, 000669.140, 107.14852380396385
Trd, 000670.100, 103
Trd, 000670.260, 103
Trd, 000670.840, 101
Trd, 000671.460, 101
Trd, 000672.800, 101
Trd, 000672.840, 102
Trd, 000673.240, 100
Trd, 000673.360, 104.65883996221372
Trd, 000673.440, 97
Trd, 000674.060, 107.22873317500708
Trd, 000674.100, 94
Trd, 000674.260, 91.0
Trd, 000674.800, 111.0
Trd, 000677.160, 110.44362538238559
Trd, 000677.320, 110
Trd, 000677.500, 110.44362538238559
Trd, 000678.220, 111
Trd, 000678.400, 110
Trd, 000678.700, 109
Trd, 000678.960, 108.0
Trd, 000678.980, 104.0
Trd, 000679.200, 109
Trd, 000680.040, 105.44362538238559
Trd, 000680.340, 92
Trd, 000680.520, 82
Trd, 000681.240, 103.44362538238559
Trd, 000682.320, 99.51549103943056
Trd, 000682.600, 99.51549103943056
Trd, 000683.700, 100.51549103943056
Trd, 000683.820, 101.44362538238559
Trd, 000684.100, 101
Trd, 000684.220, 103.44362538238559
Trd, 000684.240, 100
Trd, 000684.880, 104
Trd, 000685.860, 103
Trd, 000685.880, 107.22873317500708
Trd, 000686.140, 112.0
Trd, 000686.960, 105
Trd, 000688.080, 109
Trd, 000688.600, 104.0
Trd, 000688.920, 107
Trd, 000689.340, 103
Trd, 000689.500, 103.5655210857803
Trd, 000689.540, 103
Trd, 000689.780, 103
Trd, 000690.120, 102
Trd, 000690.920, 104.0
Trd, 000691.300, 103
Trd, 000691.480, 102
Trd, 000692.120, 105
Trd, 000692.560, 106.22873317500708
Trd, 000694.400, 103
Trd, 000695.000, 102
Trd, 000695.160, 104.14852380396385
Trd, 000695.220, 105.14852380396385
Trd, 000695.300, 95
Trd, 000696.300, 103.5655210857803
Trd, 000696.900, 106.22873317500708
Trd, 000697.320, 101
Trd, 000697.980, 102
Trd, 000698.620, 102
Trd, 000698.960, 102
Trd, 000699.160, 102
Trd, 000699.720, 103
Trd, 000699.800, 101
Trd, 000699.940, 102.5655210857803
Trd, 000700.920, 100.0
Trd, 000701.860, 100
Trd, 000702.300, 104.0
Trd, 000702.340, 105.14852380396385
Trd, 000702.620, 97
Trd, 000703.040, 107.14852380396385
Trd, 000703.620, 98
Trd, 000703.800, 101
Trd, 000704.680, 100
Trd, 000705.460, 95
Trd, 000705.860, 100
Trd, 000706.320, 100.0
Trd, 000707.560, 105.22873317500708
Trd, 000708.000, 105
Trd, 000708.460, 104
Trd, 000709.260, 104
Trd, 000709.280, 108.14852380396385
Trd, 000709.500, 112.0
Trd, 000710.440, 112.0
Trd, 000710.820, 96
Trd, 000710.900, 95
Trd, 000711.460, 109.0
Trd, 000711.940, 104
Trd, 000712.280, 104
Trd, 000712.300, 106
Trd, 000712.760, 95
Trd, 000713.260, 94
Trd, 000714.860, 103
Trd, 000715.980, 104.0
Trd, 000716.300, 105.0
Trd, 000716.500, 103
Trd, 000716.560, 103
Trd, 000716.960, 102
Trd, 000717.580, 104.0
Trd, 000717.620, 94
Trd, 000718.080, 94
Trd, 000719.500, 100
Trd, 000719.660, 103.22873317500708
Trd, 000720.020, 104.22873317500708
Trd, 000720.280, 102
Trd, 000721.200, 103.22873317500708
Trd, 000721.500, 102
Trd, 000722.320, 102
Trd, 000722.580, 102.22873317500708
Trd, 000722.900, 104.65883996221372
Trd, 000722.940, 107.22873317500708
Trd, 000723.900, 104.0
Trd, 000724.340, 104
Trd, 000725.000, 111.0
Trd, 000725.180, 104
Trd, 000726.640, 108.0
Trd, 000726.700, 107
Trd, 000726.880, 106
Trd, 000727.140, 108.0
Trd, 000727.560, 105
Trd, 000727.640, 103
Trd, 000728.040, 106.22873317500708
Trd, 000728.060, 107.22873317500708
Trd, 000729.840, 93
Trd, 000730.060, 105
Trd, 000730.960, 98
Trd, 000731.600, 107
Trd, 000732.720, 106.0
Trd, 000732.820, 104.0
Trd, 000732.980, 112.0
Trd, 000733.560, 104
Trd, 000733.720, 94
Trd, 000734.460, 99
Trd, 000734.860, 92.0
Trd, 000734.980, 96
Trd, 000735.660, 105
Trd, 000737.180, 102
Trd, 000737.360, 102.5655210857803
Trd, 000737.880, 103.5655210857803
Trd, 000738.240, 105
Trd, 000738.400, 104.0
Trd, 000738.600, 103
Trd, 000738.800, 103
Trd, 000738.920, 106.22873317500708
Trd, 000739.140, 107.22873317500708
Trd, 000739.860, 113.13370677600815
Trd, 000740.180, 114.13370677600815
Trd, 000740.840, 108
Trd, 000741.000, 93
Trd, 000741.880, 94.0
Trd, 000742.720, 120.0
Trd, 000743.260, 92.0
Trd, 000743.500, 114
Trd, 000744.300, 110
Trd, 000744.840, 93
Trd, 000745.140, 111.0
Trd, 000745.340, 106.0
Trd, 000745.480, 105.0
Trd, 000746.020, 105
Trd, 000746.180, 110.0
Trd, 000746.800, 112.0
Trd, 000748.020, 105
Trd, 000748.540, 104.0
Trd, 000748.880, 76.36862970812675
Trd, 000749.040, 72.21069841771379
Trd, 000749.420, 90
Trd, 000749.440, 103
Trd, 000749.660, 89
Trd, 000750.740, 99
Trd, 000750.980, 97.0
Trd, 000751.140, 96.0
Trd, 000752.300, 99
Trd, 000753.420, 102.5655210857803
Trd, 000754.280, 101
Trd, 000754.360, 100.65883996221372
Trd, 000754.580, 101.65883996221372
Trd, 000754.700, 101
Trd, 000755.320, 102.65883996221372
Trd, 000756.080, 104.65883996221372
Trd, 000756.100, 102
Trd, 000756.580, 107.22873317500708
Trd, 000756.860, 104.0
Trd, 000757.080, 100
Trd, 000758.480, 111.13370677600815
Trd, 000758.620, 102
Trd, 000759.800, 106
Trd, 000760.200, 105
Trd, 000760.480, 103
Trd, 000760.580, 107.22873317500708
Trd, 000761.360, 95
Trd, 000761.920, 106.13370677600815
Trd, 000763.000, 105
Trd, 000763.360, 108.14852380396385
Trd, 000763.540, 113.13370677600815
Trd, 000763.980, 114.13370677600815
Trd, 000765.160, 113
Trd, 000765.460, 112
Trd, 000765.620, 117.0
Trd, 000765.840, 118.0
Trd, 000766.300, 114
Trd, 000766.500, 114
Trd, 000767.060, 112
Trd, 000767.400, 115.0
Trd, 000767.660, 95
Trd, 000767.960, 94
Trd, 000768.580, 105.0
Trd, 000769.180, 112.0
Trd, 000769.980, 106
Trd, 000770.140, 105
Trd, 000770.820, 106.22873317500708
Trd, 000771.500, 106.0
Trd, 000771.640, 105
Trd, 000772.020, 105.0
Trd, 000773.100, 104.0
Trd, 000773.740, 105
Trd, 000774.280, 104
Trd, 000774.300, 104
Trd, 000774.920, 104.22873317500708
Trd, 000775.340, 104
Trd, 000775.400, 106.22873317500708
Trd, 000775.440, 104.0
Trd, 000776.300, 103
Trd, 000777.540, 96
Trd, 000778.120, 102
Trd, 000778.540, 95
Trd, 000778.980, 104.65883996221372
Trd, 000779.280, 102
Trd, 000779.300, 98
Trd, 000779.940, 106.14852380396385
Trd, 000780.000, 99
Trd, 000780.600, 100
Trd, 000780.720, 106.61739458181894
Trd, 000780.940, 114.13370677600815
Trd, 000781.000, 105
Trd, 000781.040, 104.0
Trd, 000781.500, 119.0
Trd, 000783.020, 100.0
Trd, 000783.160, 112.0
Trd, 000783.820, 103
Trd, 000785.220, 103
Trd, 000786.100, 98
Trd, 000786.280, 99
Trd, 000786.420, 94
Trd, 000786.480, 94
Trd, 000786.660, 102
Trd, 000787.360, 98.0
Trd, 000787.640, 102
Trd, 000787.960, 98.0
Trd, 000788.300, 101
Trd, 000788.880, 104.65883996221372
Trd, 000789.480, 107.22873317500708
Trd, 000789.860, 116.0
Trd, 000790.800, 112
Trd, 000792.300, 111
Trd, 000792.640, 111.0
Trd, 000792.880, 112.0
Trd, 000793.220, 120.0
Trd, 000793.780, 113
Trd, 000794.440, 112.0
Trd, 000794.640, 120
Trd, 000795.560, 116.0
Trd, 000795.720, 113
Trd, 000796.420, 113
Trd, 000796.660, 112
Trd, 000797.100, 113
Trd, 000797.180, 116
Trd, 000797.300, 105.0
Trd, 000797.780, 116.0
Trd, 000798.280, 111
Trd, 000798.440, 112
Trd, 000800.040, 110.0
Trd, 000800.640, 110.0
Trd, 000800.740, 111.0
Trd, 000800.760, 107.0
Trd, 000800.840, 105.0
Trd, 000801.540, 104.0
Trd, 000801.980, 111
Trd, 000802.340, 107.22873317500708
Trd, 000802.720, 98
Trd, 000802.800, 97
Trd, 000802.940, 93
Trd, 000803.380, 104.0
Trd, 000804.940, 106.0
Trd, 000805.760, 92.0
Trd, 000806.120, 102
Trd, 000806.680, 100
Trd, 000806.980, 100
Trd, 000807.020, 101
Trd, 000807.240, 99
Trd, 000808.120, 101
Trd, 000808.700, 102
Trd, 000808.980, 102
Trd, 000809.220, 98
Trd, 000809.440, 97
Trd, 000809.720, 106.22873317500708
Trd, 000810.240, 107.22873317500708
Trd, 000811.620, 106.0
Trd, 000811.960, 106.0
Trd, 000812.680, 106.0
Trd, 000812.960, 105.0
Trd, 000812.980, 105
Trd, 000813.000, 104.0
Trd, 000813.200, 94
Trd, 000814.480, 95.0
Trd, 000815.040, 96.0
Trd, 000815.240, 99
Trd, 000816.420, 96
Trd, 000816.680, 96.0
Trd, 000816.780, 100.0
Trd, 000818.160, 95.0
Trd, 000818.260, 102.0
Trd, 000818.680, 107
Trd, 000819.260, 104.0
Trd, 000819.660, 100
Trd, 000819.820, 101
Trd, 000819.980, 100
Trd, 000820.320, 100
Trd, 000820.460, 112.0
Trd, 000820.880, 99
Trd, 000821.320, 116.0
Trd, 000821.980, 118.0
Trd, 000822.420, 111
Trd, 000823.100, 111
Trd, 000823.860, 113
Trd, 000824.040, 116.0
Trd, 000824.440, 120.0
Trd, 000824.480, 112
Trd, 000824.660, 112
Trd, 000825.400, 111
Trd, 000826.340, 104.0
Trd, 000828.140, 107.22873317500708
Trd, 000829.140, 110
Trd, 000829.480, 109
Trd, 000829.740, 109
Trd, 000829.760, 109
Trd, 000830.240, 112.0
Trd, 000830.460, 108.0
Trd, 000830.620, 110
Trd, 000830.820, 104.0
Trd, 000831.480, 93
Trd, 000832.540, 93.0
Trd, 000833.360, 104.22873317500708
Trd, 000834.380, 105.0
Trd, 000834.900, 105.22873317500708
Trd, 000835.100, 105.22873317500708
Trd, 000835.300, 105.80277567688262
Trd, 000835.360, 104.0
Trd, 000835.460, 104
Trd, 000835.520, 103
Trd, 000835.920, 103
Trd, 000837.760, 100
Trd, 000837.840, 103
Trd, 000838.320, 94
Trd, 000838.720, 106.22873317500708
Trd, 000838.900, 107.22873317500708
Trd, 000839.540, 98
Trd, 000840.760, 105.0
Trd, 000841.220, 107.0
Trd, 000841.320, 105
Trd, 000841.680, 107.0
Trd, 000841.880, 104.0
Trd, 000842.140, 108.0
Trd, 000842.260, 96
Trd, 000843.480, 102
Trd, 000843.580, 101
Trd, 000844.600, 103
Trd, 000844.840, 103.74122541910715
Trd, 000845.100, 103.74122541910715
Trd, 000845.400, 101
Trd, 000846.400, 100
Trd, 000846.460, 100
Trd, 000846.560, 92
Trd, 000847.060, 100.0495825576307
Trd, 000848.300, 98.0495825576307
Trd, 000848.620, 98.0495825576307
Trd, 000849.020, 107.22873317500708
Trd, 000850.200, 102
Trd, 000850.280, 101.0
Trd, 000850.700, 101.0
Trd, 000850.840, 100.0
Trd, 000851.100, 91.0
Trd, 000851.200, 112.0
Trd, 000851.580, 107
Trd, 000851.780, 110
Trd, 000852.220, 104.0
Trd, 000852.560, 117.0
Trd, 000852.820, 120.0
Trd, 000853.560, 107
Trd, 000853.900, 101
Trd, 000854.500, 100
Trd, 000854.680, 105.80277567688262
Trd, 000855.700, 105
Trd, 000856.240, 106
Trd, 000856.940, 106
Trd, 000857.300, 107
Trd, 000857.660, 105
Trd, 000858.040, 91.0
Trd, 000858.160, 87
Trd, 000858.400, 99.0
Trd, 000858.420, 100.0
Trd, 000859.620, 102
Trd, 000859.940, 95
Trd, 000860.500, 113.0
Trd, 000861.120, 111
Trd, 000861.640, 111.0
Trd, 000862.720, 112.0
Trd, 000863.040, 111
Trd, 000863.160, 110.0
Trd, 000863.460, 111
