Trd, 000038.400, 89
Trd, 000038.960, 97
Trd, 000039.100, 84.0
Trd, 000039.260, 98
Trd, 000039.300, 96
Trd, 000039.620, 100
Trd, 000040.140, 106
Trd, 000040.400, 100
Trd, 000040.560, 100.0
Trd, 000041.420, 100
Trd, 000042.360, 100
Trd, 000042.440, 100.0
Trd, 000043.440, 101
Trd, 000043.820, 107
Trd, 000043.860, 108.0
Trd, 000044.260, 106
Trd, 000044.340, 112.0
Trd, 000045.600, 101
Trd, 000045.920, 100
Trd, 000046.100, 100
Trd, 000046.580, 105
Trd, 000047.260, 104
Trd, 000047.480, 102.0
Trd, 000047.980, 100.0
Trd, 000048.660, 104
Trd, 000048.700, 105
Trd, 000048.860, 100
Trd, 000049.060, 105
Trd, 000050.300, 100
Trd, 000050.520, 103
Trd, 000051.420, 105
Trd, 000051.880, 104
Trd, 000052.140, 102
Trd, 000052.480, 100
Trd, 000054.940, 102
Trd, 000055.280, 102
Trd, 000055.700, 101
Trd, 000056.880, 100
Trd, 000057.280, 100.0
Trd, 000057.380, 102
Trd, 000058.000, 112.0
Trd, 000058.340, 95.0
Trd, 000058.540, 100
Trd, 000058.600, 88
Trd, 000059.460, 96
Trd, 000059.560, 97
Trd, 000060.260, 96
Trd, 000060.640, 96
Trd, 000061.060, 95
Trd, 000061.340, 100
Trd, 000061.880, 112.0
Trd, 000063.040, 108
Trd, 000063.240, 108
Trd, 000063.520, 106
Trd, 000064.180, 104.0
Trd, 000064.460, 100
Trd, 000064.700, 101
Trd, 000064.940, 109
Trd, 000065.160, 100
Trd, 000065.600, 100.0
Trd, 000065.960, 108
Trd, 000066.500, 95.0
Trd, 000066.720, 90
Trd, 000066.900, 105
Trd, 000067.540, 112.0
Trd, 000068.060, 103
Trd, 000069.120, 106
Trd, 000069.140, 105
Trd, 000069.580, 102
Trd, 000070.360, 100
Trd, 000071.080, 100
Trd, 000071.120, 101
Trd, 000071.460, 104
Trd, 000071.640, 100.0
Trd, 000073.020, 102
Trd, 000073.100, 104
Trd, 000073.720, 101
Trd, 000073.760, 102
Trd, 000074.760, 100
Trd, 000074.860, 102
Trd, 000076.100, 102
Trd, 000076.520, 100
Trd, 000076.540, 100
Trd, 000076.840, 101
Trd, 000077.160, 100
Trd, 000077.720, 101
Trd, 000077.780, 100.0
Trd, 000078.260, 92
Trd, 000078.320, 90
Trd, 000078.740, 101
Trd, 000078.980, 100
Trd, 000079.080, 101
Trd, 000079.520, 104
Trd, 000080.200, 96
Trd, 000080.960, 107
Trd, 000081.660, 101
Trd, 000081.680, 100
Trd, 000083.060, 100
Trd, 000083.160, 104
Trd, 000084.200, 104
Trd, 000084.280, 100
Trd, 000085.180, 89
Trd, 000085.680, 100.0
Trd, 000086.460, 102
Trd, 000087.160, 101
Trd, 000087.300, 100
Trd, 000087.340, 102
Trd, 000088.460, 100
Trd, 000089.140, 100
Trd, 000089.860, 101
Trd, 000090.560, 101
Trd, 000090.980, 100
Trd, 000091.080, 100.0
Trd, 000091.300, 101
Trd, 000092.080, 105
Trd, 000093.400, 106
Trd, 000093.460, 105
Trd, 000093.820, 111.0
Trd, 000094.020, 102
Trd, 000094.180, 101
Trd, 000094.200, 100
Trd, 000094.360, 112.0
Trd, 000094.540, 116.0
Trd, 000095.920, 100.0
Trd, 000097.040, 105
Trd, 000097.480, 100
Trd, 000097.740, 105
Trd, 000098.000, 100
Trd, 000098.120, 100
Trd, 000098.680, 100
Trd, 000100.060, 100
Trd, 000100.100, 101
Trd, 000100.920, 95.0
Trd, 000101.740, 96
Trd, 000101.980, 94
Trd, 000102.280, 100
Trd, 000103.140, 95
Trd, 000103.360, 95
Trd, 000104.380, 91
Trd, 000104.600, 93
Trd, 000104.680, 93
Trd, 000105.020, 92
Trd, 000105.040, 94
Trd, 000105.080, 95
Trd, 000105.840, 100
Trd, 000106.100, 91
Trd, 000106.540, 95
Trd, 000107.180, 112.0
Trd, 000107.440, 91
Trd, 000107.600, 100
Trd, 000107.740, 90
Trd, 000107.920, 87.0
Trd, 000108.340, 95.0
Trd, 000108.680, 107
Trd, 000108.760, 100
Trd, 000109.100, 100
Trd, 000110.780, 112.0
Trd, 000111.940, 101
Trd, 000112.560, 104
Trd, 000112.800, 100
Trd, 000113.340, 92
Trd, 000114.500, 100
Trd, 000114.560, 100
Trd, 000115.000, 95.0
Trd, 000115.780, 96
Trd, 000116.460, 95
Trd, 000116.500, 96
Trd, 000116.640, 95
Trd, 000116.820, 97
Trd, 000117.040, 104
Trd, 000118.200, 95.0
Trd, 000118.660, 89.0
Trd, 000118.840, 100
Trd, 000118.980, 87.0
Trd, 000119.280, 98
Trd, 000120.140, 98
Trd, 000120.500, 98
Trd, 000121.020, 100
Trd, 000121.040, 87
Trd, 000121.100, 111.0
Trd, 000122.100, 104
Trd, 000122.340, 100
Trd, 000122.420, 94
Trd, 000123.900, 87.0
Trd, 000124.420, 100
Trd, 000125.020, 97
Trd, 000125.420, 97
Trd, 000125.540, 100
Trd, 000125.960, 95
Trd, 000126.840, 98
Trd, 000126.940, 97
Trd, 000127.540, 87.0
Trd, 000128.280, 98
Trd, 000128.460, 100
Trd, 000128.800, 107
Trd, 000129.420, 101
Trd, 000129.680, 91
Trd, 000129.920, 116.0
Trd, 000130.300, 104
Trd, 000131.080, 101
Trd, 000131.420, 105
Trd, 000131.820, 100
Trd, 000131.880, 100.0
Trd, 000132.260, 92
Trd, 000132.700, 100
Trd, 000133.220, 94
Trd, 000133.380, 95.0
Trd, 000133.680, 106
Trd, 000135.040, 111.0
Trd, 000135.080, 112.0
Trd, 000135.320, 111
Trd, 000136.040, 104
Trd, 000136.940, 107
Trd, 000139.000, 105
Trd, 000139.060, 104
Trd, 000139.200, 100.0
Trd, 000139.700, 95.0
Trd, 000139.740, 87.0
Trd, 000139.800, 106
Trd, 000140.460, 115
Trd, 000140.760, 115
Trd, 000141.480, 102
Trd, 000142.000, 100
Trd, 000142.600, 103
Trd, 000142.760, 106
Trd, 000144.400, 104
Trd, 000144.500, 105
Trd, 000144.640, 103
Trd, 000145.520, 104
Trd, 000145.720, 100.0
Trd, 000146.080, 104
Trd, 000146.640, 104
Trd, 000148.260, 103
Trd, 000148.320, 102
Trd, 000148.340, 100
Trd, 000148.980, 101
Trd, 000149.540, 103
Trd, 000150.000, 100
Trd, 000150.020, 100.0
Trd, 000150.240, 89
Trd, 000150.560, 100
Trd, 000150.620, 100
Trd, 000152.220, 100
Trd, 000152.360, 102
Trd, 000152.460, 99
Trd, 000152.700, 87.0
Trd, 000153.720, 95
Trd, 000154.060, 96
Trd, 000154.340, 97
Trd, 000154.540, 98
Trd, 000155.100, 100
Trd, 000155.140, 95
Trd, 000156.080, 97
Trd, 000156.680, 100.0
Trd, 000157.340, 94
Trd, 000157.920, 98
Trd, 000159.000, 97
Trd, 000159.340, 97
Trd, 000159.540, 96
Trd, 000159.940, 100
Trd, 000160.200, 100
Trd, 000160.680, 100
Trd, 000161.380, 104
Trd, 000161.400, 92
Trd, 000161.720, 90
Trd, 000162.200, 112.0
Trd, 000162.240, 120.0
Trd, 000163.160, 104
Trd, 000163.780, 107
Trd, 000164.920, 101.0
Trd, 000164.980, 100
Trd, 000166.080, 105
Trd, 000166.140, 104.0
Trd, 000166.500, 104
Trd, 000166.600, 100.0
Trd, 000167.600, 105
Trd, 000168.340, 107
Trd, 000168.460, 101
Trd, 000169.300, 102
Trd, 000169.320, 100.0
Trd, 000169.360, 100
Trd, 000169.660, 100
Trd, 000169.860, 105
Trd, 000170.380, 105
Trd, 000170.860, 95.0
Trd, 000171.660, 91
Trd, 000171.700, 100
Trd, 000172.240, 99
Trd, 000173.180, 98
Trd, 000173.500, 104
Trd, 000174.140, 100
Trd, 000174.780, 104
Trd, 000175.060, 99
Trd, 000175.100, 100
Trd, 000176.120, 101
Trd, 000176.460, 100.0
Trd, 000176.580, 99
Trd, 000177.220, 112.0
Trd, 000178.460, 100
Trd, 000179.820, 103
Trd, 000179.880, 102
Trd, 000180.240, 100
Trd, 000180.980, 103
Trd, 000181.060, 100
Trd, 000181.860, 102
Trd, 000182.200, 100.0
Trd, 000182.500, 102
Trd, 000182.520, 103
Trd, 000182.620, 103
Trd, 000182.900, 89
Trd, 000183.160, 104
Trd, 000183.700, 100
Trd, 000184.260, 88.0
Trd, 000184.580, 104
Trd, 000184.880, 100
Trd, 000185.680, 111.0
Trd, 000185.740, 100
Trd, 000186.100, 100
Trd, 000186.500, 100.0
Trd, 000186.760, 116.0
Trd, 000186.820, 102
Trd, 000187.780, 112
Trd, 000188.180, 95
Trd, 000188.400, 100
Trd, 000188.580, 108
Trd, 000189.220, 111
Trd, 000190.260, 100
Trd, 000191.000, 91.0
Trd, 000191.420, 100
Trd, 000191.460, 105
Trd, 000191.920, 102
Trd, 000192.360, 102
Trd, 000192.440, 100
Trd, 000192.880, 104
Trd, 000194.660, 101
Trd, 000194.940, 100.0
Trd, 000196.280, 100
Trd, 000196.560, 101
Trd, 000196.840, 101
Trd, 000196.900, 100
Trd, 000197.340, 90
Trd, 000197.800, 112.0
Trd, 000198.220, 112
Trd, 000198.380, 116.0
Trd, 000198.600, 110
Trd, 000198.760, 120.0
Trd, 000198.820, 101
Trd, 000198.900, 100
Trd, 000199.320, 87.0
Trd, 000199.560, 95.0
Trd, 000199.920, 100
Trd, 000201.080, 99
Trd, 000201.200, 100
Trd, 000201.520, 98
Trd, 000202.120, 85.0
Trd, 000202.760, 100
Trd, 000203.420, 87.0
Trd, 000203.580, 98
Trd, 000204.300, 100
Trd, 000205.240, 100
Trd, 000205.460, 104
Trd, 000205.700, 100
Trd, 000206.800, 100
Trd, 000207.140, 101
Trd, 000207.240, 100
Trd, 000207.840, 111.0
Trd, 000208.460, 108
Trd, 000208.640, 103.0
Trd, 000208.680, 103
Trd, 000209.080, 100.0
Trd, 000209.420, 100
Trd, 000210.560, 100
Trd, 000213.080, 105
Trd, 000214.100, 104
Trd, 000214.240, 106
Trd, 000214.400, 103
Trd, 000214.560, 100
Trd, 000214.660, 111.0
Trd, 000216.140, 101
Trd, 000216.660, 100
Trd, 000216.680, 100.0
Trd, 000216.700, 100
Trd, 000216.780, 104
Trd, 000217.860, 100
Trd, 000217.880, 104
Trd, 000219.420, 100
Trd, 000219.500, 100
Trd, 000220.700, 100
Trd, 000220.920, 102
Trd, 000221.160, 103
Trd, 000221.600, 101.0
Trd, 000221.620, 100.0
Trd, 000221.820, 100
Trd, 000222.580, 104
Trd, 000223.420, 101
Trd, 000223.520, 100
Trd, 000224.300, 104
Trd, 000224.520, 100
Trd, 000224.860, 100
Trd, 000225.780, 100
Trd, 000226.000, 99
Trd, 000226.100, 112.0
Trd, 000226.720, 100
Trd, 000226.880, 116.0
Trd, 000227.480, 100
Trd, 000228.040, 90.0
Trd, 000228.740, 105
Trd, 000228.980, 105
Trd, 000229.100, 100
Trd, 000229.260, 100.0
Trd, 000229.320, 120.0
Trd, 000230.440, 104.0
Trd, 000230.580, 109
Trd, 000232.300, 106
Trd, 000232.660, 100
Trd, 000233.940, 108
Trd, 000234.420, 102
Trd, 000234.440, 106
Trd, 000234.520, 100
Trd, 000235.400, 107
Trd, 000236.220, 106
Trd, 000236.240, 102
Trd, 000236.360, 100
Trd, 000236.700, 100.0
Trd, 000237.640, 91
Trd, 000239.240, 94.0
Trd, 000239.800, 95.0
Trd, 000239.880, 94
Trd, 000240.060, 96
Trd, 000240.220, 100
Trd, 000240.480, 100
Trd, 000241.360, 107
Trd, 000241.400, 112.0
Trd, 000242.400, 103
Trd, 000242.540, 100
Trd, 000242.600, 98
Trd, 000243.200, 90
Trd, 000243.300, 87.0
Trd, 000244.200, 102
Trd, 000244.940, 94
Trd, 000245.100, 95.0
Trd, 000245.400, 100
Trd, 000245.420, 93
Trd, 000245.800, 101
Trd, 000245.820, 112.0
Trd, 000247.380, 102
Trd, 000247.780, 100
Trd, 000248.360, 102
Trd, 000248.500, 100
Trd, 000248.680, 101.0
Trd, 000248.740, 100.0
Trd, 000248.960, 100
Trd, 000249.280, 102
Trd, 000249.420, 102
Trd, 000250.760, 98
Trd, 000250.880, 100
Trd, 000251.340, 104
Trd, 000251.380, 116.0
Trd, 000251.500, 96
Trd, 000252.740, 100
Trd, 000252.940, 100
Trd, 000253.540, 99
Trd, 000254.180, 98
Trd, 000254.260, 99
Trd, 000254.640, 94
Trd, 000254.960, 95.0
Trd, 000255.740, 96
Trd, 000255.760, 100
Trd, 000255.900, 90
Trd, 000256.840, 100
Trd, 000257.120, 99
Trd, 000257.300, 104
Trd, 000258.240, 112.0
Trd, 000258.820, 100
Trd, 000260.240, 91
Trd, 000260.280, 95.0
Trd, 000260.320, 97
Trd, 000260.440, 97
Trd, 000260.960, 100
Trd, 000261.100, 100
Trd, 000261.280, 102
Trd, 000261.340, 100
Trd, 000261.400, 100.0
Trd, 000261.620, 100
Trd, 000262.600, 106
Trd, 000263.400, 100
Trd, 000264.100, 101
Trd, 000264.240, 112.0
Trd, 000264.820, 101
Trd, 000266.240, 100
Trd, 000266.320, 100
Trd, 000266.620, 102
Trd, 000267.380, 100
Trd, 000267.420, 100
Trd, 000267.900, 98
Trd, 000268.140, 97
Trd, 000268.160, 112.0
Trd, 000268.920, 100.0
Trd, 000269.460, 103
Trd, 000269.920, 91
Trd, 000270.280, 87.0
Trd, 000270.940, 94.0
Trd, 000271.060, 79.0
Trd, 000271.160, 95.0
Trd, 000271.400, 100
Trd, 000272.320, 95
Trd, 000272.500, 88
Trd, 000272.560, 96
Trd, 000272.800, 84.0
Trd, 000272.980, 105
Trd, 000273.540, 112.0
Trd, 000274.160, 107
Trd, 000274.520, 106
Trd, 000275.020, 118
Trd, 000275.120, 104.0
Trd, 000275.220, 119.0
Trd, 000275.360, 100.0
Trd, 000276.260, 124.0
Trd, 000277.000, 113
Trd, 000277.180, 101
Trd, 000277.800, 100
Trd, 000278.500, 111
Trd, 000278.520, 102
Trd, 000278.840, 108
Trd, 000280.100, 103
Trd, 000280.300, 107
Trd, 000280.600, 103
Trd, 000280.820, 100
Trd, 000281.080, 100.0
Trd, 000281.860, 100
Trd, 000282.160, 100
Trd, 000282.260, 100
Trd, 000282.440, 112.0
Trd, 000283.380, 87.0
Trd, 000284.600, 100.0
Trd, 000284.820, 101
Trd, 000286.120, 101
Trd, 000286.200, 100
Trd, 000286.480, 101
Trd, 000286.500, 100
Trd, 000286.700, 106
Trd, 000286.860, 104
Trd, 000286.900, 116.0
Trd, 000287.380, 104
Trd, 000288.080, 104
Trd, 000288.760, 105
Trd, 000288.880, 107
Trd, 000289.420, 105
Trd, 000289.460, 103
Trd, 000290.480, 104
Trd, 000290.640, 100
Trd, 000291.100, 100
Trd, 000291.520, 104
Trd, 000291.720, 104
Trd, 000291.800, 100
Trd, 000292.380, 100.0
Trd, 000293.580, 104
Trd, 000293.660, 100
Trd, 000294.040, 100
Trd, 000294.320, 119.0
Trd, 000294.960, 100.0
Trd, 000295.640, 100
Trd, 000296.080, 100
Trd, 000298.120, 100
Trd, 000298.140, 90
Trd, 000298.300, 100
Trd, 000298.320, 101
Trd, 000298.840, 99
Trd, 000299.700, 98
Trd, 000300.460, 103
Trd, 000300.960, 99
Trd, 000301.100, 95.0
Trd, 000301.440, 90
Trd, 000302.000, 90
Trd, 000302.040, 100
Trd, 000303.120, 96
Trd, 000303.620, 90
Trd, 000304.220, 95
Trd, 000304.300, 90
Trd, 000304.620, 100
Trd, 000304.960, 100
Trd, 000305.480, 100
Trd, 000305.600, 104
Trd, 000306.060, 102
Trd, 000306.260, 105
Trd, 000306.560, 103
Trd, 000307.200, 100
Trd, 000307.320, 102
Trd, 000307.780, 101.0
Trd, 000307.940, 100.0
Trd, 000308.560, 95.0
Trd, 000308.900, 96
Trd, 000309.440, 93
Trd, 000309.520, 95
Trd, 000310.420, 100
Trd, 000310.440, 100
Trd, 000310.740, 104
Trd, 000311.000, 112.0
Trd, 000311.420, 116.0
Trd, 000312.620, 102
Trd, 000312.760, 100
Trd, 000313.100, 107
Trd, 000313.180, 101
Trd, 000313.360, 100
Trd, 000313.960, 100.0
Trd, 000315.460, 100
Trd, 000316.120, 100
Trd, 000316.140, 90
Trd, 000316.800, 107
Trd, 000317.280, 104
Trd, 000318.600, 96
Trd, 000318.660, 98
Trd, 000318.940, 96
Trd, 000319.220, 100
Trd, 000319.680, 100
Trd, 000319.840, 97
Trd, 000320.120, 104
Trd, 000321.120, 101
Trd, 000321.180, 100
Trd, 000321.240, 100.0
Trd, 000321.520, 101
Trd, 000322.180, 104
Trd, 000322.340, 116.0
Trd, 000323.300, 99
Trd, 000323.400, 99
Trd, 000324.460, 100
Trd, 000324.480, 100
Trd, 000325.300, 96
Trd, 000325.660, 112.0
Trd, 000325.740, 89
Trd, 000325.760, 116.0
Trd, 000326.180, 87.0
Trd, 000326.260, 100
Trd, 000326.960, 96
Trd, 000327.520, 98
Trd, 000327.580, 111
Trd, 000328.520, 90
Trd, 000329.220, 93.0
Trd, 000330.060, 93
Trd, 000330.300, 92
Trd, 000330.960, 95.0
Trd, 000331.560, 94
Trd, 000331.680, 100
Trd, 000332.100, 88
Trd, 000332.260, 96
Trd, 000333.840, 92
Trd, 000334.520, 89
Trd, 000334.640, 92
Trd, 000335.080, 89
Trd, 000335.140, 92
Trd, 000336.600, 93
Trd, 000336.900, 95.0
Trd, 000337.160, 104
Trd, 000337.280, 101
Trd, 000337.460, 112.0
Trd, 000337.640, 116.0
Trd, 000338.360, 101
Trd, 000338.380, 100
Trd, 000339.260, 98
Trd, 000340.180, 105
Trd, 000340.420, 101
Trd, 000340.480, 100
Trd, 000340.820, 100
Trd, 000341.060, 101
Trd, 000343.040, 100.0
Trd, 000343.520, 105
Trd, 000343.760, 105
Trd, 000344.040, 105
Trd, 000344.220, 100
Trd, 000344.560, 106
Trd, 000345.760, 105
Trd, 000346.100, 102
Trd, 000346.280, 110.0
Trd, 000346.340, 100
Trd, 000347.300, 100.0
Trd, 000347.480, 107
Trd, 000347.680, 107
Trd, 000348.100, 100
Trd, 000349.100, 106
Trd, 000349.560, 100.0
Trd, 000349.700, 105
Trd, 000349.780, 100
Trd, 000350.140, 100
Trd, 000351.140, 105
Trd, 000351.700, 100
Trd, 000351.800, 100
Trd, 000352.120, 105
Trd, 000354.120, 100
Trd, 000354.640, 84.0
Trd, 000354.880, 100
Trd, 000355.660, 88
Trd, 000355.880, 85.0
Trd, 000356.320, 100
Trd, 000357.020, 100.0
Trd, 000357.180, 100
Trd, 000357.260, 105
Trd, 000358.020, 112.0
Trd, 000359.480, 104
Trd, 000359.740, 103
Trd, 000359.820, 102
Trd, 000360.600, 103
Trd, 000360.680, 104
Trd, 000360.780, 100.0
Trd, 000360.880, 112.0
Trd, 000361.340, 100
Trd, 000361.700, 100
Trd, 000361.980, 100
Trd, 000362.640, 92
Trd, 000363.920, 100
Trd, 000364.000, 95
Trd, 000364.660, 95.0
Trd, 000365.520, 94
Trd, 000365.820, 91
Trd, 000366.780, 94
Trd, 000366.840, 94
Trd, 000366.920, 89
Trd, 000367.000, 87.0
Trd, 000367.100, 100
Trd, 000367.700, 97
Trd, 000368.140, 106
Trd, 000368.580, 100
Trd, 000368.700, 87
Trd, 000368.900, 83.0
Trd, 000369.220, 85
Trd, 000369.600, 100.0
Trd, 000369.740, 110.0
Trd, 000370.020, 112.0
Trd, 000371.100, 106
Trd, 000372.440, 109
Trd, 000372.640, 120.0
Trd, 000372.840, 104.0
Trd, 000374.060, 108
Trd, 000374.800, 100
Trd, 000375.080, 101
Trd, 000375.840, 100
Trd, 000376.380, 104
Trd, 000376.720, 103
Trd, 000376.780, 101
Trd, 000377.520, 100
Trd, 000378.140, 102
Trd, 000378.840, 101
Trd, 000379.000, 104
Trd, 000380.060, 100
Trd, 000380.360, 100.0
Trd, 000380.400, 100
Trd, 000380.440, 100
Trd, 000380.480, 87.0
Trd, 000381.720, 100
Trd, 000382.100, 104
Trd, 000382.260, 102.0
Trd, 000382.360, 112.0
Trd, 000383.280, 103.0
Trd, 000383.920, 102
Trd, 000385.600, 102.0
Trd, 000385.720, 100.0
Trd, 000385.980, 105
Trd, 000386.200, 105
Trd, 000386.440, 100
Trd, 000386.840, 100
Trd, 000387.260, 101
Trd, 000387.500, 100.0
Trd, 000388.500, 104
Trd, 000388.620, 102
Trd, 000389.520, 103
Trd, 000389.640, 104
Trd, 000389.920, 100
Trd, 000390.700, 100
Trd, 000391.000, 120.0
Trd, 000392.140, 114
Trd, 000392.540, 109
Trd, 000393.000, 101
Trd, 000393.340, 114
Trd, 000393.820, 100
Trd, 000394.320, 112
Trd, 000394.680, 111
Trd, 000394.700, 100
Trd, 000394.840, 100
Trd, 000395.020, 109
Trd, 000395.540, 99
Trd, 000396.340, 94.0
Trd, 000396.600, 87.0
Trd, 000397.360, 95.0
Trd, 000397.660, 96
Trd, 000398.200, 95
Trd, 000399.860, 95
Trd, 000400.000, 89
Trd, 000400.020, 88
Trd, 000400.100, 96
Trd, 000401.380, 85
Trd, 000401.900, 92
Trd, 000402.080, 93
Trd, 000402.900, 93
Trd, 000403.140, 95.0
Trd, 000403.300, 88
Trd, 000403.380, 100
Trd, 000403.440, 88
Trd, 000404.460, 100
Trd, 000404.620, 100
Trd, 000406.000, 96
Trd, 000406.100, 95
Trd, 000406.140, 97
Trd, 000406.200, 104
Trd, 000406.620, 100.0
Trd, 000406.640, 93
Trd, 000406.820, 112.0
Trd, 000407.680, 107
Trd, 000408.480, 100
Trd, 000408.620, 96
Trd, 000408.880, 103
Trd, 000408.960, 88
Trd, 000409.060, 87
Trd, 000409.260, 100.0
Trd, 000410.180, 100
Trd, 000411.060, 87
Trd, 000411.180, 98
Trd, 000411.340, 100
Trd, 000412.040, 87.0
Trd, 000412.180, 100
Trd, 000413.120, 84.0
Trd, 000413.160, 106
Trd, 000413.920, 115.0
Trd, 000414.160, 116.0
Trd, 000415.200, 106
Trd, 000416.180, 105
Trd, 000416.440, 100
Trd, 000416.660, 107
Trd, 000417.060, 100
Trd, 000417.560, 100
Trd, 000417.980, 100
Trd, 000418.640, 97
Trd, 000419.580, 94
Trd, 000419.820, 96
Trd, 000420.720, 94
Trd, 000420.820, 96
Trd, 000421.280, 95
Trd, 000421.600, 100
Trd, 000422.060, 89
Trd, 000422.260, 95.0
Trd, 000422.560, 95
Trd, 000422.900, 88
Trd, 000424.280, 89.0
Trd, 000424.500, 95.0
Trd, 000425.580, 100
Trd, 000426.300, 100
Trd, 000427.520, 97
Trd, 000427.580, 100
Trd, 000427.780, 96
Trd, 000428.040, 101
Trd, 000428.220, 104
Trd, 000428.320, 111
Trd, 000428.500, 90.0
Trd, 000429.080, 93
Trd, 000430.300, 106
Trd, 000430.500, 97
Trd, 000430.920, 100
Trd, 000431.700, 103
Trd, 000431.780, 100.0
Trd, 000432.200, 104
Trd, 000432.560, 91
Trd, 000433.040, 100
Trd, 000433.940, 102
Trd, 000434.540, 102
Trd, 000434.760, 100.0
Trd, 000434.880, 100
Trd, 000435.260, 104
Trd, 000435.440, 105
Trd, 000436.260, 90
Trd, 000436.620, 95.0
Trd, 000437.160, 98
Trd, 000437.520, 96
Trd, 000437.620, 100
Trd, 000438.180, 97
Trd, 000438.280, 106
Trd, 000439.500, 103
Trd, 000439.640, 100
Trd, 000441.600, 100
Trd, 000441.800, 98
Trd, 000442.040, 100
Trd, 000442.260, 106
Trd, 000442.320, 112.0
Trd, 000442.540, 100
Trd, 000442.900, 116.0
Trd, 000443.460, 100
Trd, 000444.080, 95.0
Trd, 000444.540, 93
Trd, 000444.640, 100
Trd, 000445.140, 100.0
Trd, 000445.940, 99
Trd, 000446.860, 98
Trd, 000447.020, 92
Trd, 000447.220, 90
Trd, 000447.360, 97
Trd, 000447.700, 100
Trd, 000447.880, 105
Trd, 000448.620, 92
Trd, 000448.880, 100
Trd, 000449.660, 103
Trd, 000450.480, 89
Trd, 000450.940, 100
Trd, 000451.100, 95
Trd, 000451.220, 100
Trd, 000451.260, 105
Trd, 000451.580, 96
Trd, 000452.540, 87.0
Trd, 000453.740, 100
Trd, 000454.040, 100
Trd, 000454.500, 97
Trd, 000454.800, 85.0
Trd, 000455.320, 96
Trd, 000455.580, 116.0
Trd, 000455.680, 101
Trd, 000456.060, 102
Trd, 000456.180, 100
Trd, 000457.140, 114
Trd, 000458.020, 107
Trd, 000458.080, 100
Trd, 000458.220, 111
Trd, 000459.360, 100.0
Trd, 000460.200, 100
Trd, 000460.460, 104
Trd, 000461.280, 102
Trd, 000461.840, 101
Trd, 000462.320, 103
Trd, 000463.320, 101
Trd, 000463.360, 100
Trd, 000464.480, 102.0
Trd, 000464.660, 101
Trd, 000464.960, 100.0
Trd, 000465.200, 103
Trd, 000465.220, 103
Trd, 000466.720, 102
Trd, 000467.320, 103
Trd, 000467.700, 102
Trd, 000468.160, 103
Trd, 000468.180, 100
Trd, 000468.480, 103
Trd, 000468.560, 104
Trd, 000469.620, 108
Trd, 000470.380, 111.0
Trd, 000470.520, 107
Trd, 000470.600, 100
Trd, 000470.840, 100.0
Trd, 000471.020, 112.0
Trd, 000471.140, 120.0
Trd, 000471.860, 106
Trd, 000472.380, 102
Trd, 000472.540, 107
Trd, 000472.740, 101
Trd, 000472.800, 108
Trd, 000472.840, 100
Trd, 000473.340, 100
Trd, 000474.540, 100
Trd, 000474.900, 100.0
Trd, 000474.960, 107
Trd, 000475.360, 101
Trd, 000476.320, 112.0
Trd, 000477.000, 104
Trd, 000477.020, 103
Trd, 000478.100, 100
Trd, 000478.480, 100
Trd, 000478.600, 105
Trd, 000478.620, 106
Trd, 000479.180, 100
Trd, 000479.900, 106
Trd, 000480.100, 116.0
Trd, 000481.580, 102
Trd, 000481.660, 120.0
Trd, 000482.640, 107
Trd, 000483.200, 105
Trd, 000483.460, 100.0
Trd, 000483.480, 100
Trd, 000484.280, 100
Trd, 000484.640, 99
Trd, 000485.320, 87.0
Trd, 000486.360, 88
Trd, 000486.540, 89
Trd, 000486.880, 91
Trd, 000487.080, 95.0
Trd, 000487.540, 87.0
Trd, 000487.760, 86
Trd, 000487.820, 90
Trd, 000488.860, 100
Trd, 000488.980, 93
Trd, 000489.080, 100
Trd, 000489.480, 104
Trd, 000490.000, 105
Trd, 000490.040, 101
Trd, 000490.460, 102
Trd, 000490.960, 100
Trd, 000491.620, 100
Trd, 000491.780, 100
Trd, 000492.140, 100
Trd, 000492.500, 89
Trd, 000493.180, 105
Trd, 000493.220, 106
Trd, 000493.640, 112.0
Trd, 000494.340, 100
Trd, 000494.900, 102
Trd, 000495.680, 100
Trd, 000496.220, 102
Trd, 000496.300, 100
Trd, 000497.260, 101
Trd, 000497.860, 100
Trd, 000498.560, 102
Trd, 000498.840, 100
Trd, 000499.600, 100
Trd, 000500.240, 100
Trd, 000500.320, 95
Trd, 000501.020, 100.0
Trd, 000501.380, 100
Trd, 000501.520, 104
Trd, 000502.340, 96
Trd, 000503.240, 99
Trd, 000503.720, 95
Trd, 000503.920, 99
Trd, 000504.040, 87.0
Trd, 000504.100, 83.0
Trd, 000504.340, 100
Trd, 000505.000, 85
Trd, 000505.980, 98
Trd, 000506.740, 90
Trd, 000507.480, 93
Trd, 000507.600, 95
Trd, 000508.440, 87
Trd, 000508.860, 95.0
Trd, 000509.480, 100
Trd, 000509.720, 97
Trd, 000510.200, 100
Trd, 000510.900, 100
Trd, 000512.140, 102
Trd, 000512.340, 102
Trd, 000512.460, 104
Trd, 000512.800, 104
Trd, 000512.820, 102
Trd, 000512.980, 116.0
Trd, 000513.540, 112
Trd, 000514.800, 103
Trd, 000514.960, 107
Trd, 000515.520, 109
Trd, 000516.100, 102
Trd, 000516.320, 100
Trd, 000516.500, 108
Trd, 000517.440, 100
Trd, 000517.560, 100.0
Trd, 000518.480, 109.0
Trd, 000519.260, 106
Trd, 000519.340, 109
Trd, 000520.500, 105
Trd, 000521.100, 112.0
Trd, 000521.300, 105
Trd, 000522.080, 104.0
Trd, 000522.480, 104
Trd, 000523.120, 104.0
Trd, 000523.740, 107
Trd, 000524.040, 107
Trd, 000525.100, 100
Trd, 000525.660, 100
Trd, 000525.900, 100.0
Trd, 000526.160, 100
Trd, 000526.860, 104
Trd, 000527.860, 101
Trd, 000527.900, 100
Trd, 000528.640, 103
Trd, 000528.700, 103
Trd, 000528.980, 112.0
Trd, 000529.180, 108
Trd, 000530.020, 106
Trd, 000530.140, 100
Trd, 000530.580, 103
Trd, 000533.000, 112.0
Trd, 000533.120, 104.0
Trd, 000533.380, 104
Trd, 000533.600, 119.0
Trd, 000533.760, 100
Trd, 000533.820, 120.0
Trd, 000533.860, 100.0
Trd, 000535.300, 102
Trd, 000535.560, 100
Trd, 000536.460, 101
Trd, 000536.880, 100
Trd, 000537.520, 100
Trd, 000537.960, 100.0
Trd, 000538.600, 92
Trd, 000538.720, 95
Trd, 000538.800, 98
Trd, 000539.500, 97
Trd, 000539.880, 95
Trd, 000539.960, 100
Trd, 000540.460, 94
Trd, 000540.600, 90
Trd, 000540.740, 105
Trd, 000541.500, 97
Trd, 000541.560, 99
Trd, 000541.940, 100
Trd, 000542.020, 120.0
Trd, 000542.360, 100
Trd, 000543.680, 116.0
Trd, 000545.440, 104.0
Trd, 000546.360, 100.0
Trd, 000546.780, 100
Trd, 000547.060, 100
Trd, 000547.260, 89
Trd, 000547.380, 105
Trd, 000548.100, 100
Trd, 000548.180, 83.0
Trd, 000548.680, 87.0
Trd, 000548.940, 101
Trd, 000549.500, 101
Trd, 000549.960, 100
Trd, 000549.980, 100
Trd, 000550.060, 105
Trd, 000551.200, 101
Trd, 000551.500, 100
Trd, 000551.680, 100.0
Trd, 000552.480, 97
Trd, 000553.280, 99
Trd, 000553.800, 98
Trd, 000553.940, 97
Trd, 000555.980, 112.0
Trd, 000556.420, 101
Trd, 000556.660, 115.0
Trd, 000556.700, 100
Trd, 000556.880, 105
Trd, 000558.760, 104
Trd, 000558.860, 102
Trd, 000558.920, 104
Trd, 000558.960, 100
Trd, 000559.540, 100.0
Trd, 000559.880, 100
Trd, 000560.220, 100
Trd, 000560.720, 90
Trd, 000560.760, 101
Trd, 000561.020, 101
Trd, 000561.340, 103
Trd, 000562.280, 100.0
Trd, 000562.900, 100
Trd, 000563.220, 98
Trd, 000563.420, 104
Trd, 000563.860, 104
Trd, 000565.240, 90.0
Trd, 000565.400, 116.0
Trd, 000566.060, 100
Trd, 000566.220, 100
Trd, 000567.400, 100.0
Trd, 000568.120, 105
Trd, 000568.540, 105
Trd, 000568.980, 104.0
Trd, 000569.140, 102
Trd, 000569.220, 106
Trd, 000569.520, 111.0
Trd, 000571.020, 102
Trd, 000571.060, 100
Trd, 000571.380, 101
Trd, 000571.920, 104
Trd, 000572.620, 103
Trd, 000573.320, 100
Trd, 000573.460, 102
Trd, 000573.500, 100.0
Trd, 000573.520, 89
Trd, 000573.900, 100
Trd, 000573.920, 83.0
Trd, 000574.300, 115.0
Trd, 000574.900, 91
Trd, 000575.160, 100
Trd, 000575.280, 103
Trd, 000575.420, 79.0
Trd, 000575.740, 100
Trd, 000576.460, 71
Trd, 000576.940, 78.0
Trd, 000576.960, 79.0
Trd, 000578.120, 79
Trd, 000578.180, 87.0
Trd, 000578.600, 86
Trd, 000579.000, 104
Trd, 000579.320, 100
Trd, 000579.900, 92
Trd, 000580.120, 100
Trd, 000580.340, 112.0
Trd, 000581.220, 103
Trd, 000581.440, 102
Trd, 000582.280, 95.0
Trd, 000582.320, 100
Trd, 000582.900, 100
Trd, 000582.920, 91
Trd, 000583.700, 105
Trd, 000584.340, 100
Trd, 000585.620, 103
Trd, 000585.680, 100
Trd, 000585.940, 90
Trd, 000586.240, 100
Trd, 000587.560, 95.0
Trd, 000587.720, 96
Trd, 000587.780, 100
Trd, 000588.480, 97
Trd, 000588.880, 105
Trd, 000588.920, 96
Trd, 000589.440, 108
Trd, 000590.520, 100
Trd, 000590.640, 112.0
Trd, 000590.720, 103
Trd, 000590.800, 116.0
Trd, 000591.400, 108
Trd, 000591.780, 108
Trd, 000592.140, 100.0
Trd, 000593.100, 100
Trd, 000593.280, 108
Trd, 000593.680, 90
Trd, 000594.100, 100.0
Trd, 000595.820, 100
Trd, 000596.340, 106
Trd, 000596.660, 102
Trd, 000598.000, 105
Trd, 000598.120, 112.0
Trd, 000598.620, 104
Trd, 000598.780, 100
Trd, 000599.460, 108
Trd, 000599.620, 105
Trd, 000600.320, 102
Trd, 000600.460, 100
Trd, 000600.540, 101.0
Trd, 000600.760, 100.0
Trd, 000601.660, 101
Trd, 000602.480, 104
Trd, 000603.040, 103
Trd, 000604.300, 103
Trd, 000604.980, 100
Trd, 000605.340, 100
Trd, 000606.840, 100
Trd, 000607.140, 103
Trd, 000607.520, 100
Trd, 000607.560, 103
Trd, 000607.800, 100.0
Trd, 000607.820, 99
Trd, 000607.920, 112.0
Trd, 000608.800, 97
Trd, 000608.940, 94
Trd, 000609.040, 95
Trd, 000609.300, 100
Trd, 000609.320, 108
Trd, 000610.100, 95.0
Trd, 000610.140, 99
Trd, 000610.180, 100
Trd, 000610.960, 105
Trd, 000611.260, 103
Trd, 000612.140, 100.0
Trd, 000612.620, 90
Trd, 000613.400, 88.0
Trd, 000613.580, 101
Trd, 000614.000, 104
Trd, 000614.360, 100
Trd, 000615.560, 101
Trd, 000615.800, 100
Trd, 000616.080, 112.0
Trd, 000617.000, 101
Trd, 000617.200, 116.0
Trd, 000617.560, 108
Trd, 000618.000, 102
Trd, 000619.320, 100
Trd, 000620.540, 100
Trd, 000621.200, 101
Trd, 000621.300, 100.0
Trd, 000621.720, 88
Trd, 000622.280, 102
Trd, 000622.600, 89.0
Trd, 000622.700, 88.0
Trd, 000624.020, 98
Trd, 000624.200, 95
Trd, 000624.260, 100
Trd, 000624.600, 100
Trd, 000625.180, 87.0
Trd, 000625.220, 95.0
Trd, 000625.540, 100
Trd, 000626.220, 86
Trd, 000626.320, 84
Trd, 000626.620, 94
Trd, 000627.720, 94
Trd, 000627.960, 100
Trd, 000628.520, 104
Trd, 000628.800, 97
Trd, 000629.200, 94
Trd, 000629.580, 91
Trd, 000630.140, 94.0
Trd, 000630.380, 95.0
Trd, 000630.420, 95
Trd, 000631.140, 95
Trd, 000631.480, 100
Trd, 000631.860, 109
Trd, 000632.000, 108
Trd, 000633.100, 100
Trd, 000633.600, 99
Trd, 000633.720, 109
Trd, 000633.780, 91
Trd, 000634.180, 89
Trd, 000634.460, 100
Trd, 000634.640, 87.0
Trd, 000635.160, 87
Trd, 000635.180, 94
Trd, 000635.500, 95.0
Trd, 000635.520, 96
Trd, 000635.880, 95
Trd, 000635.940, 100
Trd, 000636.820, 97
Trd, 000637.800, 87.0
Trd, 000637.880, 84.0
Trd, 000638.780, 112
Trd, 000639.000, 113.0
Trd, 000639.560, 110
Trd, 000639.800, 108
Trd, 000640.560, 108
Trd, 000640.900, 116.0
Trd, 000641.560, 120.0
Trd, 000641.580, 126
Trd, 000641.960, 107
Trd, 000643.020, 104.0
Trd, 000644.240, 100
Trd, 000644.520, 101
Trd, 000644.800, 100
Trd, 000646.000, 100
Trd, 000646.500, 102
Trd, 000646.520, 102
Trd, 000646.960, 102
Trd, 000647.000, 101.0
Trd, 000647.600, 100.0
Trd, 000647.680, 101
Trd, 000648.060, 87.0
Trd, 000649.020, 100
Trd, 000649.160, 100
Trd, 000649.420, 100
Trd, 000649.700, 102
Trd, 000650.040, 98
Trd, 000650.220, 100
Trd, 000650.540, 100
Trd, 000650.980, 87
Trd, 000651.580, 100.0
Trd, 000652.460, 102
Trd, 000652.660, 100
Trd, 000653.180, 100
Trd, 000653.240, 104
Trd, 000653.780, 101
Trd, 000654.400, 100.0
Trd, 000654.560, 110.0
Trd, 000654.880, 104
Trd, 000655.200, 103
Trd, 000655.800, 111.0
Trd, 000655.860, 104
Trd, 000656.160, 104.0
Trd, 000656.840, 112.0
Trd, 000657.020, 120.0
Trd, 000657.340, 100
Trd, 000658.540, 102
Trd, 000658.860, 100
Trd, 000659.680, 106
Trd, 000659.880, 107
Trd, 000660.400, 105
Trd, 000661.220, 102
Trd, 000661.440, 100
Trd, 000661.720, 100.0
Trd, 000661.760, 104
Trd, 000662.260, 105
Trd, 000662.400, 100.0
Trd, 000662.660, 104
Trd, 000664.360, 100
Trd, 000665.680, 104
Trd, 000666.240, 101
Trd, 000666.640, 102
Trd, 000667.060, 101
Trd, 000667.160, 104
Trd, 000667.280, 105
Trd, 000667.560, 112.0
Trd, 000667.880, 100
Trd, 000668.240, 100.0
Trd, 000669.420, 101
Trd, 000670.360, 109
Trd, 000670.500, 101
Trd, 000670.900, 106
Trd, 000672.100, 102
Trd, 000673.120, 104
Trd, 000673.280, 103
Trd, 000673.340, 100
Trd, 000673.440, 100
Trd, 000673.540, 104
Trd, 000673.900, 100.0
Trd, 000674.220, 100
Trd, 000674.740, 101
Trd, 000675.400, 99
Trd, 000675.620, 96
Trd, 000675.740, 98
Trd, 000675.940, 104
Trd, 000675.960, 93
Trd, 000676.960, 100
Trd, 000677.080, 93
Trd, 000677.480, 87.0
Trd, 000677.560, 83.0
Trd, 000677.660, 79.0
Trd, 000677.880, 95.0
Trd, 000678.940, 96
Trd, 000679.540, 92
Trd, 000680.000, 104
Trd, 000680.760, 92
Trd, 000681.120, 100
Trd, 000681.940, 87.0
Trd, 000682.260, 105
Trd, 000683.700, 103
Trd, 000684.080, 103
Trd, 000684.800, 102
Trd, 000684.920, 100
Trd, 000685.200, 100
Trd, 000685.480, 104
Trd, 000685.880, 101
Trd, 000686.480, 100
Trd, 000686.680, 110
Trd, 000686.700, 87.0
Trd, 000687.140, 112.0
Trd, 000687.840, 100
Trd, 000688.320, 100.0
Trd, 000688.780, 100
Trd, 000688.980, 106
Trd, 000689.120, 100
Trd, 000689.240, 99
Trd, 000689.420, 87
Trd, 000689.900, 109
Trd, 000690.220, 111
Trd, 000690.800, 100
Trd, 000691.520, 107
Trd, 000692.080, 100
Trd, 000692.840, 103
Trd, 000692.940, 100
Trd, 000693.300, 87.0
Trd, 000694.020, 85.0
Trd, 000694.840, 98
Trd, 000695.000, 100
Trd, 000695.080, 105
Trd, 000695.280, 90
Trd, 000695.800, 83.0
Trd, 000695.980, 79.0
Trd, 000696.460, 99
Trd, 000696.620, 99
Trd, 000696.920, 99
Trd, 000698.420, 100
Trd, 000698.920, 104
Trd, 000699.240, 112.0
Trd, 000699.400, 100
Trd, 000699.860, 100
Trd, 000700.140, 119.0
Trd, 000700.300, 125.0
Trd, 000700.960, 113
Trd, 000701.020, 112
Trd, 000701.120, 104
Trd, 000701.420, 100
Trd, 000701.600, 119.0
Trd, 000702.940, 101
Trd, 000703.380, 100
Trd, 000703.800, 112
Trd, 000703.980, 100.0
Trd, 000704.900, 104
Trd, 000705.020, 101
Trd, 000707.160, 101
Trd, 000707.680, 100
Trd, 000708.320, 100
Trd, 000708.620, 100
Trd, 000708.800, 101
Trd, 000709.240, 102
Trd, 000709.260, 100
Trd, 000709.820, 103
Trd, 000709.920, 100
Trd, 000710.000, 104
Trd, 000710.980, 93.0
Trd, 000711.720, 95.0
Trd, 000711.780, 100
Trd, 000713.340, 99
Trd, 000713.420, 100
Trd, 000713.640, 104
Trd, 000713.880, 97
Trd, 000714.740, 96
Trd, 000714.820, 95
Trd, 000715.000, 90
Trd, 000715.280, 99
Trd, 000715.460, 100
Trd, 000715.480, 100
Trd, 000716.520, 99
Trd, 000717.040, 97
Trd, 000717.380, 97
Trd, 000717.460, 92
Trd, 000717.620, 96
Trd, 000718.220, 112.0
Trd, 000719.080, 110
Trd, 000719.340, 109
Trd, 000719.620, 100.0
Trd, 000720.100, 104
Trd, 000721.100, 91
Trd, 000721.120, 90
Trd, 000721.740, 104
Trd, 000721.900, 83.0
Trd, 000722.060, 79.0
Trd, 000722.400, 100
Trd, 000722.580, 100
Trd, 000722.700, 97
Trd, 000724.180, 101.0
Trd, 000724.440, 104
Trd, 000724.620, 100.0
Trd, 000725.060, 100
Trd, 000725.560, 104
Trd, 000725.940, 100
Trd, 000726.160, 90
Trd, 000726.180, 88
Trd, 000726.380, 98
Trd, 000727.320, 96
Trd, 000727.460, 95.0
Trd, 000727.640, 100
Trd, 000727.940, 100.0
Trd, 000728.540, 91.0
Trd, 000729.480, 102
Trd, 000730.000, 106
Trd, 000730.020, 100
Trd, 000730.100, 114.0
Trd, 000730.380, 116.0
Trd, 000730.620, 100.0
Trd, 000731.200, 107
Trd, 000731.680, 100
Trd, 000732.580, 104
Trd, 000733.420, 101
Trd, 000733.640, 100
Trd, 000734.140, 102
Trd, 000734.160, 109
Trd, 000734.720, 94.0
Trd, 000735.020, 95.0
Trd, 000736.060, 100
Trd, 000736.360, 95
Trd, 000737.580, 96
Trd, 000737.600, 96
Trd, 000738.260, 101
Trd, 000739.280, 107
Trd, 000739.380, 112.0
Trd, 000739.540, 116.0
Trd, 000739.760, 102
Trd, 000740.000, 100
Trd, 000740.380, 100
Trd, 000740.560, 108
Trd, 000740.600, 100.0
Trd, 000741.460, 100
Trd, 000741.920, 108
Trd, 000742.300, 100
Trd, 000743.280, 120.0
Trd, 000743.720, 100.0
Trd, 000744.580, 122.0
Trd, 000745.060, 92
Trd, 000745.640, 106
Trd, 000745.740, 111
Trd, 000745.760, 105
Trd, 000746.080, 100
Trd, 000746.920, 101
Trd, 000747.120, 100
Trd, 000747.180, 104
Trd, 000747.600, 102
Trd, 000748.820, 102
Trd, 000748.840, 101
Trd, 000749.880, 102
Trd, 000749.900, 104
Trd, 000750.560, 100
Trd, 000750.680, 100
Trd, 000750.920, 89
Trd, 000751.440, 100
Trd, 000751.840, 99
Trd, 000752.120, 100
Trd, 000752.480, 111
Trd, 000752.580, 89
Trd, 000754.020, 99
Trd, 000754.460, 97
Trd, 000755.960, 97
Trd, 000756.160, 95
Trd, 000757.180, 100
Trd, 000757.400, 98
Trd, 000757.500, 100
Trd, 000758.220, 98
Trd, 000758.500, 104
Trd, 000759.100, 104
Trd, 000759.280, 100
Trd, 000759.340, 102
Trd, 000760.380, 100
Trd, 000760.480, 102
Trd, 000760.920, 100
Trd, 000761.220, 99
Trd, 000761.440, 95
Trd, 000763.080, 99
Trd, 000763.440, 100
Trd, 000763.480, 100
Trd, 000763.760, 95.0
Trd, 000763.920, 112.0
Trd, 000764.220, 89.0
Trd, 000764.920, 89.0
Trd, 000765.020, 101
Trd, 000765.220, 87.0
Trd, 000765.480, 83.0
Trd, 000765.660, 101
Trd, 000765.700, 107
Trd, 000766.940, 112.0
Trd, 000766.960, 101
Trd, 000767.140, 116.0
Trd, 000768.040, 100.0
Trd, 000768.920, 100
Trd, 000769.360, 100
Trd, 000770.200, 94.0
Trd, 000770.320, 90
Trd, 000770.620, 95
Trd, 000770.700, 95.0
Trd, 000771.440, 95
Trd, 000772.300, 98
Trd, 000772.940, 93
Trd, 000773.000, 96
Trd, 000773.100, 96
Trd, 000773.200, 100
Trd, 000773.800, 94
Trd, 000774.020, 104
Trd, 000775.080, 100
Trd, 000775.440, 93
Trd, 000775.640, 100
Trd, 000777.460, 101
Trd, 000778.340, 100
Trd, 000778.400, 100
Trd, 000779.160, 99
Trd, 000779.420, 99
Trd, 000779.520, 100
Trd, 000780.200, 89
Trd, 000780.280, 93.0
Trd, 000781.180, 92
Trd, 000781.340, 94
Trd, 000781.560, 95.0
Trd, 000781.820, 104
Trd, 000782.320, 97
Trd, 000782.820, 97
Trd, 000782.900, 100
Trd, 000783.220, 112.0
Trd, 000783.800, 101
Trd, 000783.900, 101
Trd, 000784.920, 100
Trd, 000785.520, 101
Trd, 000785.680, 104
Trd, 000785.720, 100
Trd, 000785.880, 100
Trd, 000786.180, 107
Trd, 000786.420, 100.0
Trd, 000787.920, 89
Trd, 000788.260, 88.0
Trd, 000788.300, 100
Trd, 000788.460, 100
Trd, 000788.500, 104
Trd, 000790.140, 100
Trd, 000790.400, 100
Trd, 000790.500, 101
Trd, 000791.120, 103
Trd, 000791.240, 104
Trd, 000791.380, 91
Trd, 000791.520, 112.0
Trd, 000792.320, 116.0
Trd, 000792.460, 101
Trd, 000793.040, 100
Trd, 000793.660, 100.0
Trd, 000794.140, 100
Trd, 000794.320, 113
Trd, 000794.580, 108
Trd, 000794.620, 85.0
Trd, 000794.840, 82
Trd, 000795.460, 100
Trd, 000796.480, 104
Trd, 000797.180, 108
Trd, 000797.660, 108
Trd, 000798.440, 107
Trd, 000798.500, 114
Trd, 000798.940, 100
Trd, 000799.460, 87.0
Trd, 000799.520, 99
Trd, 000799.560, 101
Trd, 000799.940, 99
Trd, 000800.600, 88
Trd, 000800.960, 87.0
Trd, 000801.440, 100
Trd, 000803.000, 95
Trd, 000803.120, 94
Trd, 000803.460, 95
Trd, 000803.940, 95.0
Trd, 000804.440, 95
Trd, 000805.420, 95
Trd, 000805.800, 100
Trd, 000806.240, 100
Trd, 000806.800, 95
Trd, 000807.340, 106
Trd, 000807.620, 101
Trd, 000808.000, 100
Trd, 000808.600, 100
Trd, 000809.320, 100.0
Trd, 000809.340, 101
Trd, 000809.480, 100
Trd, 000810.360, 101
Trd, 000810.600, 100
Trd, 000810.840, 100
Trd, 000810.860, 91
Trd, 000811.160, 102
Trd, 000811.400, 102
Trd, 000811.720, 102
Trd, 000812.220, 112.0
Trd, 000812.880, 108
Trd, 000813.740, 104
Trd, 000814.740, 100
Trd, 000814.780, 100
Trd, 000814.920, 100
Trd, 000815.520, 106
Trd, 000816.420, 104
Trd, 000817.000, 83.0
Trd, 000817.020, 87.0
Trd, 000817.160, 80.0
Trd, 000817.280, 95.0
Trd, 000817.740, 106
Trd, 000818.180, 97
Trd, 000819.220, 87
Trd, 000820.000, 99
Trd, 000820.020, 100
Trd, 000821.840, 107
Trd, 000821.980, 105
Trd, 000822.940, 104
Trd, 000823.220, 103
Trd, 000823.240, 100
Trd, 000824.280, 108.0
Trd, 000824.340, 100
Trd, 000824.460, 100
Trd, 000824.880, 101.0
Trd, 000825.060, 104
Trd, 000825.360, 104
Trd, 000825.900, 100.0
Trd, 000827.680, 103
Trd, 000827.740, 101
Trd, 000828.000, 101
Trd, 000828.980, 105
Trd, 000829.180, 112.0
Trd, 000830.160, 104.0
Trd, 000830.860, 104
Trd, 000831.500, 103
Trd, 000832.780, 105
Trd, 000833.400, 100.0
Trd, 000833.520, 105
Trd, 000834.900, 100
Trd, 000834.920, 103
Trd, 000835.320, 100
Trd, 000835.400, 100
Trd, 000836.280, 101.0
Trd, 000836.480, 100.0
Trd, 000837.900, 100
Trd, 000837.920, 101
Trd, 000838.040, 102
Trd, 000838.360, 99
Trd, 000838.840, 104
Trd, 000839.540, 98
Trd, 000840.300, 101
Trd, 000841.100, 101
Trd, 000841.160, 102
Trd, 000841.580, 100
Trd, 000842.140, 100
Trd, 000842.660, 101.0
Trd, 000843.040, 102
Trd, 000843.400, 102
Trd, 000843.720, 100.0
Trd, 000844.440, 100
Trd, 000844.500, 100
Trd, 000844.640, 99
Trd, 000845.120, 100
Trd, 000845.480, 102
Trd, 000846.180, 112.0
Trd, 000846.900, 103
Trd, 000847.180, 104
Trd, 000847.540, 100.0
Trd, 000847.660, 104
Trd, 000847.720, 90
Trd, 000848.080, 106
Trd, 000848.240, 107
Trd, 000848.480, 116.0
Trd, 000849.760, 100
Trd, 000850.440, 102
Trd, 000851.440, 116
Trd, 000851.660, 101
Trd, 000852.880, 100
Trd, 000853.620, 100
Trd, 000853.820, 100
Trd, 000854.320, 100.0
Trd, 000855.240, 100
Trd, 000855.640, 100
Trd, 000855.840, 101
Trd, 000856.500, 100
Trd, 000856.800, 101
Trd, 000856.980, 101
Trd, 000857.040, 100
Trd, 000858.840, 101
Trd, 000859.020, 99
Trd, 000859.520, 90
Trd, 000860.160, 100
Trd, 000860.800, 100.0
Trd, 000861.960, 98
Trd, 000862.320, 98
Trd, 000862.420, 95.0
Trd, 000862.820, 92.0
Trd, 000863.080, 96
Trd, 000863.340, 89.0
Trd, 000863.380, 97
Trd, 000863.460, 100
