Trd, 000001.620, 110
Trd, 000002.400, 110
Trd, 000002.440, 100.0
Trd, 000003.100, 87
Trd, 000003.140, 118.0
Trd, 000003.840, 93
Trd, 000004.340, 112.0
Trd, 000004.680, 109
Trd, 000004.720, 107
Trd, 000005.000, 105
Trd, 000005.060, 116
Trd, 000005.220, 95.0
Trd, 000005.340, 90
Trd, 000006.020, 102.0
Trd, 000006.220, 92
Trd, 000006.500, 90
Trd, 000007.300, 91
Trd, 000008.520, 94
Trd, 000008.540, 99
Trd, 000008.760, 98
Trd, 000009.680, 96.0
Trd, 000010.160, 103.0
Trd, 000010.760, 102.0
Trd, 000011.640, 101
Trd, 000012.220, 100.0
Trd, 000012.620, 95.0
Trd, 000013.940, 100
Trd, 000014.020, 99
Trd, 000014.180, 104.0
Trd, 000014.520, 110.0
Trd, 000014.580, 100.0
Trd, 000014.760, 97
Trd, 000015.680, 98
Trd, 000016.400, 91.0
Trd, 000016.720, 94
Trd, 000016.800, 100.0
Trd, 000017.220, 87.0
Trd, 000018.160, 95
Trd, 000018.480, 92
Trd, 000018.580, 91
Trd, 000019.460, 89
Trd, 000019.760, 90
Trd, 000019.840, 91
Trd, 000019.940, 104.0
Trd, 000020.140, 105
Trd, 000020.360, 112.0
Trd, 000022.360, 96.0
Trd, 000023.240, 95
Trd, 000023.520, 88.0
Trd, 000023.780, 95.0
Trd, 000024.100, 95
Trd, 000024.300, 98
Trd, 000024.580, 100.0
Trd, 000024.800, 94
Trd, 000025.480, 96
Trd, 000025.700, 96
Trd, 000025.720, 97
Trd, 000025.800, 95
Trd, 000026.480, 97
Trd, 000026.500, 94
Trd, 000027.240, 94
Trd, 000027.420, 98.0
Trd, 000027.580, 100.0
Trd, 000027.940, 98
Trd, 000028.260, 112.0
Trd, 000028.720, 110
Trd, 000028.740, 100
Trd, 000028.780, 99
Trd, 000031.200, 104
Trd, 000031.320, 103
Trd, 000031.860, 103
Trd, 000032.220, 106
Trd, 000033.600, 102
Trd, 000033.980, 109.0
Trd, 000034.020, 110.0
Trd, 000034.180, 105
Trd, 000034.600, 112.0
Trd, 000034.760, 104
Trd, 000034.960, 104
Trd, 000035.080, 103
Trd, 000035.660, 109
Trd, 000036.160, 104
Trd, 000036.600, 100.0
Trd, 000036.980, 101
Trd, 000037.600, 95.0
Trd, 000037.780, 100.0
Trd, 000037.800, 103
Trd, 000038.120, 87.0
Trd, 000038.740, 100.0
Trd, 000038.960, 96
Trd, 000039.400, 91.0
Trd, 000039.900, 96
Trd, 000039.960, 97
Trd, 000040.780, 96
Trd, 000041.140, 97
Trd, 000041.200, 103.0
Trd, 000041.340, 104.0
Trd, 000041.660, 99
Trd, 000042.260, 99
Trd, 000042.520, 116
Trd, 000042.760, 98
Trd, 000043.200, 95.0
Trd, 000044.520, 100.0
Trd, 000045.320, 97
Trd, 000045.340, 100
Trd, 000046.620, 96.0
Trd, 000046.640, 99
Trd, 000046.880, 99
Trd, 000047.500, 99
Trd, 000047.540, 96.0
Trd, 000048.540, 96
Trd, 000048.820, 99
Trd, 000049.520, 95.0
Trd, 000050.920, 100.0
Trd, 000051.300, 96
Trd, 000051.840, 95
Trd, 000051.980, 98
Trd, 000052.880, 100.0
Trd, 000053.540, 108.0
Trd, 000053.560, 101
Trd, 000053.660, 100
Trd, 000053.700, 98
Trd, 000054.880, 100
Trd, 000054.960, 98
Trd, 000055.140, 101
Trd, 000055.900, 101
Trd, 000056.540, 99
Trd, 000058.140, 100
Trd, 000058.160, 100.0
Trd, 000059.040, 103.0
Trd, 000059.800, 102.0
Trd, 000060.160, 101
Trd, 000060.820, 101
Trd, 000060.860, 101
Trd, 000061.040, 101
Trd, 000061.400, 100
Trd, 000062.200, 102
Trd, 000062.960, 102
Trd, 000063.660, 101
Trd, 000063.860, 100
Trd, 000063.980, 101
Trd, 000064.140, 100
Trd, 000064.540, 100.0
Trd, 000064.940, 100
Trd, 000065.280, 99
Trd, 000065.460, 104.0
Trd, 000066.400, 95.0
Trd, 000066.660, 95
Trd, 000067.000, 93
Trd, 000067.980, 98
Trd, 000068.880, 91.0
Trd, 000068.940, 87.0
Trd, 000069.620, 85
Trd, 000069.840, 86
Trd, 000070.240, 84
Trd, 000070.460, 85
Trd, 000070.480, 85
Trd, 000070.860, 91.0
Trd, 000071.160, 84
Trd, 000071.480, 95.0
Trd, 000072.360, 89
Trd, 000072.600, 100.0
Trd, 000072.960, 104.0
Trd, 000073.300, 90
Trd, 000074.480, 98
Trd, 000074.680, 112.0
Trd, 000075.480, 100.0
Trd, 000075.500, 96
Trd, 000075.680, 97
Trd, 000076.060, 102.0
Trd, 000076.580, 100.0
Trd, 000076.960, 97
Trd, 000077.820, 99
Trd, 000077.860, 98
Trd, 000078.040, 98
Trd, 000078.400, 96
Trd, 000079.060, 100
Trd, 000079.180, 112.0
Trd, 000079.300, 95
Trd, 000080.260, 99.0
Trd, 000081.340, 98
Trd, 000081.520, 99
Trd, 000081.780, 95.0
Trd, 000082.040, 95
Trd, 000082.300, 99
Trd, 000082.940, 97
Trd, 000083.220, 104.0
Trd, 000083.360, 96
Trd, 000083.400, 116
Trd, 000084.160, 95.0
Trd, 000085.500, 97
Trd, 000085.780, 97.0
Trd, 000085.820, 98
Trd, 000086.200, 95
Trd, 000086.960, 96
Trd, 000087.080, 92.0
Trd, 000087.340, 95
Trd, 000087.720, 92
Trd, 000088.420, 93
Trd, 000089.480, 100.0
Trd, 000089.500, 95.0
Trd, 000090.960, 98
Trd, 000091.380, 108.0
Trd, 000092.020, 101
Trd, 000092.280, 101
Trd, 000092.720, 101
Trd, 000092.860, 87.0
Trd, 000093.080, 107.0
Trd, 000093.440, 108.0
Trd, 000094.400, 105
Trd, 000094.520, 104
Trd, 000094.620, 105
Trd, 000094.740, 102
Trd, 000095.320, 101
Trd, 000095.360, 100.0
Trd, 000097.240, 101
Trd, 000097.980, 101
Trd, 000098.240, 106
Trd, 000098.960, 102
Trd, 000099.280, 101
Trd, 000099.880, 101
Trd, 000100.080, 103
Trd, 000100.180, 103
Trd, 000100.600, 107
Trd, 000100.820, 103
Trd, 000100.860, 102
Trd, 000100.900, 100
Trd, 000102.180, 104
Trd, 000102.640, 100.0
Trd, 000103.200, 100
Trd, 000103.280, 111.0
Trd, 000104.280, 100
Trd, 000104.300, 99
Trd, 000104.540, 100.0
Trd, 000105.280, 95.0
Trd, 000105.560, 97
Trd, 000106.020, 98
Trd, 000106.200, 97
Trd, 000106.860, 96
Trd, 000106.980, 100
Trd, 000107.400, 98
Trd, 000107.720, 86.11955275820695
Trd, 000108.100, 104.0
Trd, 000108.440, 100.0
Trd, 000108.500, 116
Trd, 000109.080, 94
Trd, 000109.240, 87.0
Trd, 000109.760, 79.73919711457664
Trd, 000111.800, 81
Trd, 000111.820, 81
Trd, 000111.900, 82
Trd, 000111.960, 85
Trd, 000112.440, 83
Trd, 000112.740, 104.0
Trd, 000112.820, 83
Trd, 000113.460, 90.0
Trd, 000114.060, 91.0
Trd, 000114.100, 87
Trd, 000115.500, 89
Trd, 000115.760, 91
Trd, 000115.940, 95.0
Trd, 000116.060, 100.0
Trd, 000116.900, 95.0
Trd, 000117.160, 94
Trd, 000117.960, 91.0
Trd, 000118.840, 108
Trd, 000119.220, 100.0
Trd, 000119.640, 100
Trd, 000119.940, 87.0
Trd, 000120.560, 100.0
Trd, 000120.660, 108.0
Trd, 000121.220, 106.0
Trd, 000121.340, 100
Trd, 000122.160, 101
Trd, 000122.320, 101
Trd, 000122.660, 102
Trd, 000122.720, 100
Trd, 000122.960, 100
Trd, 000123.320, 99
Trd, 000123.480, 103.0
Trd, 000124.560, 103
Trd, 000124.860, 103
Trd, 000124.900, 104.0
Trd, 000125.820, 100
Trd, 000126.620, 99
Trd, 000128.060, 100.0
Trd, 000128.420, 101
Trd, 000128.500, 100
Trd, 000128.560, 104.0
Trd, 000129.400, 112.0
Trd, 000129.420, 100
Trd, 000129.600, 99
Trd, 000129.700, 116
Trd, 000129.960, 99
Trd, 000130.640, 98
Trd, 000130.900, 87.0
Trd, 000131.820, 106
Trd, 000132.100, 101.0
Trd, 000132.600, 100.0
Trd, 000132.720, 95.0
Trd, 000132.780, 104
Trd, 000133.180, 84
Trd, 000134.080, 94
Trd, 000134.720, 91.0
Trd, 000134.960, 91
Trd, 000136.680, 94.0
Trd, 000136.760, 95.0
Trd, 000137.660, 111.0
Trd, 000137.820, 100
Trd, 000138.740, 106
Trd, 000138.840, 106
Trd, 000138.980, 105
Trd, 000139.420, 100.0
Trd, 000139.900, 92
Trd, 000139.960, 101
Trd, 000140.300, 100
Trd, 000140.340, 87.0
Trd, 000140.700, 101
Trd, 000140.960, 100.0
Trd, 000141.440, 112.0
Trd, 000141.460, 116
Trd, 000141.840, 96
Trd, 000143.020, 98
Trd, 000143.480, 104
Trd, 000144.700, 107
Trd, 000144.760, 105
Trd, 000144.820, 108
Trd, 000144.940, 100
Trd, 000145.240, 99
Trd, 000145.660, 99
Trd, 000145.740, 87.0
Trd, 000146.180, 95.0
Trd, 000146.240, 104
Trd, 000146.620, 84
Trd, 000146.720, 77.73919711457664
Trd, 000146.740, 100.0
Trd, 000146.820, 116
Trd, 000147.880, 107
Trd, 000149.180, 106
Trd, 000149.560, 105
Trd, 000149.780, 107
Trd, 000150.180, 116
Trd, 000150.420, 102.0
Trd, 000150.460, 101.0
Trd, 000150.760, 100.0
Trd, 000152.620, 110.0
Trd, 000152.680, 103
Trd, 000152.900, 103
Trd, 000153.320, 111.0
Trd, 000153.520, 112.0
Trd, 000155.380, 103
Trd, 000155.500, 102
Trd, 000155.640, 102
Trd, 000156.060, 100.0
Trd, 000156.720, 103
Trd, 000156.840, 104
Trd, 000157.060, 102
Trd, 000157.800, 102
Trd, 000158.000, 112.0
Trd, 000158.600, 101
Trd, 000158.860, 101
Trd, 000159.180, 100.0
Trd, 000159.680, 88.0
Trd, 000160.100, 87.0
Trd, 000160.300, 95
Trd, 000160.380, 97
Trd, 000160.580, 77.73919711457664
Trd, 000160.800, 72
Trd, 000161.860, 87
Trd, 000162.800, 92
Trd, 000163.700, 91.0
Trd, 000163.720, 94
Trd, 000164.000, 89
Trd, 000164.960, 90
Trd, 000164.980, 87.0
Trd, 000166.180, 91
Trd, 000166.460, 92
Trd, 000167.080, 92
Trd, 000167.960, 92
Trd, 000168.420, 91
Trd, 000168.480, 92
Trd, 000168.880, 95.0
Trd, 000169.060, 100.0
Trd, 000170.180, 94
Trd, 000170.940, 96
Trd, 000171.180, 95
Trd, 000171.320, 95.0
Trd, 000171.740, 93
Trd, 000171.760, 95
Trd, 000173.320, 99
Trd, 000173.580, 100.0
Trd, 000174.520, 104.0
Trd, 000174.560, 99
Trd, 000174.780, 98
Trd, 000174.800, 100
Trd, 000174.900, 87.0
Trd, 000175.660, 95.0
Trd, 000176.400, 87.0
Trd, 000176.920, 98
Trd, 000177.280, 94
Trd, 000177.400, 95
Trd, 000177.660, 87.0
Trd, 000178.180, 87.0
Trd, 000178.320, 100.0
Trd, 000178.620, 100.0
Trd, 000178.700, 111.0
Trd, 000179.620, 98
Trd, 000179.800, 110.0
Trd, 000181.740, 104
Trd, 000181.880, 104
Trd, 000182.140, 105
Trd, 000182.340, 112.0
Trd, 000182.700, 116
Trd, 000182.880, 103
Trd, 000185.640, 102
Trd, 000185.900, 102
Trd, 000186.120, 106
Trd, 000186.480, 101
Trd, 000186.760, 106
Trd, 000187.580, 101
Trd, 000187.840, 111.0
Trd, 000188.380, 100.0
Trd, 000188.480, 105
Trd, 000189.200, 103
Trd, 000189.280, 102
Trd, 000189.560, 102
Trd, 000189.900, 103
Trd, 000190.920, 103
Trd, 000191.220, 102
Trd, 000191.400, 101
Trd, 000191.940, 99
Trd, 000192.380, 100.0
Trd, 000192.920, 97
Trd, 000192.940, 95.0
Trd, 000193.480, 97
Trd, 000194.380, 96
Trd, 000194.500, 96
Trd, 000195.160, 95
Trd, 000195.380, 95
Trd, 000195.640, 88.0
Trd, 000196.120, 96
Trd, 000196.280, 95.0
Trd, 000197.420, 87.0
Trd, 000197.540, 95.0
Trd, 000198.020, 87
Trd, 000198.240, 89
Trd, 000198.760, 87.0
Trd, 000198.940, 99.0
Trd, 000199.700, 89
Trd, 000200.500, 91.0
Trd, 000201.280, 95.0
Trd, 000201.300, 100.0
Trd, 000201.460, 90
Trd, 000202.500, 93
Trd, 000202.860, 94
Trd, 000204.060, 91.0
Trd, 000204.100, 89
Trd, 000204.140, 89
Trd, 000204.220, 88
Trd, 000205.400, 91
Trd, 000206.140, 90
Trd, 000206.460, 89
Trd, 000206.640, 91
Trd, 000206.660, 89
Trd, 000207.600, 87.0
Trd, 000207.740, 95.0
Trd, 000207.820, 77.73919711457664
Trd, 000208.220, 85.93093423005634
Trd, 000208.260, 87.0
Trd, 000208.320, 100.0
Trd, 000208.480, 104.0
Trd, 000208.740, 97
Trd, 000210.920, 87.0
Trd, 000211.240, 86
Trd, 000211.320, 94.0
Trd, 000211.360, 95.0
Trd, 000211.960, 91
Trd, 000212.360, 91.0
Trd, 000214.620, 98
Trd, 000214.940, 94
Trd, 000215.100, 94
Trd, 000215.320, 100.0
Trd, 000215.360, 95
Trd, 000215.380, 93
Trd, 000215.820, 93
Trd, 000216.060, 100.0
Trd, 000216.540, 100.0
Trd, 000216.700, 96
Trd, 000216.860, 104.0
Trd, 000217.620, 111.0
Trd, 000217.720, 101
Trd, 000218.120, 103
Trd, 000218.640, 103
Trd, 000219.520, 103
Trd, 000219.800, 100.0
Trd, 000220.000, 95.0
Trd, 000220.340, 94
Trd, 000220.820, 87.0
Trd, 000220.960, 93
Trd, 000221.400, 93
Trd, 000221.580, 102
Trd, 000221.620, 88
Trd, 000221.940, 85.93093423005634
Trd, 000222.880, 88
Trd, 000223.780, 87
Trd, 000224.340, 87
Trd, 000224.900, 90
Trd, 000224.920, 95.0
Trd, 000225.500, 100.0
Trd, 000225.720, 112.0
Trd, 000226.600, 97
Trd, 000227.080, 102
Trd, 000227.280, 102.0
Trd, 000227.480, 116
Trd, 000228.360, 106
Trd, 000228.900, 116.0
Trd, 000228.980, 112.0
Trd, 000229.540, 122.95660258704712
Trd, 000229.780, 119.84115379697786
Trd, 000229.940, 116
Trd, 000230.000, 129.0
Trd, 000230.120, 115
Trd, 000230.220, 100.0
Trd, 000232.300, 102
Trd, 000232.380, 104.0
Trd, 000233.080, 100
Trd, 000233.180, 95.0
Trd, 000234.100, 98
Trd, 000234.260, 91.0
Trd, 000234.460, 99
Trd, 000234.620, 105
Trd, 000236.040, 101
Trd, 000236.060, 100
Trd, 000236.080, 110.0
Trd, 000236.180, 100.0
Trd, 000236.680, 101
Trd, 000237.200, 102
Trd, 000237.380, 101
Trd, 000237.420, 77.73919711457664
Trd, 000238.320, 98
Trd, 000238.680, 102
Trd, 000239.140, 95
Trd, 000239.500, 95.0
Trd, 000240.760, 102
Trd, 000240.880, 103
Trd, 000241.340, 100.0
Trd, 000242.640, 98
Trd, 000243.040, 98
Trd, 000243.380, 97
Trd, 000243.560, 100.0
Trd, 000244.100, 100
Trd, 000244.780, 114.55464852309576
Trd, 000245.000, 106
Trd, 000245.800, 106
Trd, 000245.840, 100.0
Trd, 000245.960, 106
Trd, 000246.040, 97
Trd, 000246.660, 101
Trd, 000247.800, 101
Trd, 000248.020, 105
Trd, 000248.140, 106
Trd, 000248.160, 101
Trd, 000248.440, 101
Trd, 000248.880, 107
Trd, 000250.180, 100
Trd, 000250.340, 112.0
Trd, 000250.500, 100
Trd, 000250.680, 116
Trd, 000252.380, 107
Trd, 000252.660, 101.0
Trd, 000252.980, 101.0
Trd, 000254.120, 105
Trd, 000254.800, 101.0
Trd, 000255.620, 101
Trd, 000255.840, 100.0
Trd, 000255.980, 100
Trd, 000256.260, 103
Trd, 000256.680, 101
Trd, 000256.800, 100
Trd, 000257.120, 100
Trd, 000257.220, 100.0
Trd, 000258.740, 100
Trd, 000258.840, 98
Trd, 000259.140, 101
Trd, 000259.540, 101
Trd, 000260.220, 99
Trd, 000260.260, 97.0
Trd, 000260.820, 102.0
Trd, 000261.380, 96.0
Trd, 000261.640, 100.0
Trd, 000262.240, 95.0
Trd, 000262.760, 87.0
Trd, 000264.600, 95
Trd, 000265.400, 96
Trd, 000265.640, 95.0
Trd, 000265.700, 95
Trd, 000265.900, 94
Trd, 000266.240, 98
Trd, 000266.420, 94
Trd, 000266.480, 100.0
Trd, 000266.860, 104.0
Trd, 000266.880, 94
Trd, 000267.540, 98
Trd, 000268.740, 98
Trd, 000269.240, 93
Trd, 000269.760, 93
Trd, 000270.920, 97
Trd, 000271.140, 96
Trd, 000271.520, 98
Trd, 000271.540, 93
Trd, 000272.720, 95
Trd, 000272.780, 95.0
Trd, 000273.300, 87.0
Trd, 000273.320, 98.0
Trd, 000273.840, 104.0
Trd, 000274.260, 100.0
Trd, 000274.420, 112.0
Trd, 000274.520, 99
Trd, 000275.960, 105
Trd, 000276.040, 107
Trd, 000276.420, 116
Trd, 000277.000, 112.0
Trd, 000277.020, 110
Trd, 000277.560, 110
Trd, 000277.720, 102
Trd, 000277.840, 110
Trd, 000278.200, 108
Trd, 000278.360, 95
Trd, 000279.460, 108
Trd, 000279.680, 104
Trd, 000280.500, 103
Trd, 000281.180, 104
Trd, 000281.200, 102
Trd, 000282.140, 103
Trd, 000282.300, 101
Trd, 000283.400, 103.0
Trd, 000283.580, 103
Trd, 000283.620, 100.0
Trd, 000283.700, 95.0
Trd, 000284.120, 93
Trd, 000284.340, 91.0
Trd, 000284.900, 91
Trd, 000285.160, 104.0
Trd, 000285.900, 79
Trd, 000286.060, 95.0
Trd, 000288.000, 92
Trd, 000288.040, 99.0
Trd, 000289.040, 93
Trd, 000289.060, 94
Trd, 000289.220, 93
Trd, 000290.340, 97.0
Trd, 000290.440, 92
Trd, 000290.940, 96
Trd, 000291.360, 103.0
Trd, 000292.620, 97
Trd, 000292.760, 96
Trd, 000292.980, 104.0
Trd, 000293.500, 99
Trd, 000293.660, 97
Trd, 000293.780, 99.0
Trd, 000294.380, 98
Trd, 000294.480, 99
Trd, 000294.500, 96
Trd, 000295.640, 100.0
Trd, 000295.700, 97
Trd, 000296.220, 99
Trd, 000296.460, 104.0
Trd, 000297.700, 100.0
Trd, 000297.720, 101
Trd, 000298.240, 99
Trd, 000298.260, 112.0
Trd, 000298.520, 99
Trd, 000299.120, 120.95660258704712
Trd, 000299.160, 122.95660258704712
Trd, 000299.520, 100.0
Trd, 000300.140, 116.0
Trd, 000300.620, 115
Trd, 000300.920, 115
Trd, 000302.260, 107
Trd, 000302.300, 95.0
Trd, 000302.380, 110
Trd, 000303.280, 108
Trd, 000303.520, 107
Trd, 000303.640, 106
Trd, 000305.140, 105
Trd, 000305.360, 106
Trd, 000307.080, 91.0
Trd, 000307.280, 90
Trd, 000307.340, 91.0
Trd, 000307.460, 97
Trd, 000307.940, 98
Trd, 000308.340, 95.0
Trd, 000308.440, 95
Trd, 000308.980, 94
Trd, 000309.300, 93
Trd, 000309.600, 87.0
Trd, 000310.020, 84
Trd, 000310.700, 85
Trd, 000310.900, 86
Trd, 000311.300, 85
Trd, 000311.500, 87.0
Trd, 000311.880, 95.0
Trd, 000311.960, 84.0
Trd, 000312.000, 104.0
Trd, 000314.100, 90
Trd, 000314.460, 89
Trd, 000314.480, 95
Trd, 000314.680, 98.0
Trd, 000314.920, 100.0
Trd, 000315.480, 88
Trd, 000316.920, 95.0
Trd, 000317.380, 101.0
Trd, 000317.700, 101
Trd, 000318.180, 102
Trd, 000319.040, 101
Trd, 000319.080, 102
Trd, 000319.100, 104.0
Trd, 000319.680, 101
Trd, 000319.980, 103
Trd, 000320.420, 101
Trd, 000320.860, 104.0
Trd, 000321.400, 100.0
Trd, 000321.600, 95.0
Trd, 000321.620, 101
Trd, 000321.920, 111.0
Trd, 000323.620, 100.0
Trd, 000324.460, 104.0
Trd, 000324.880, 100
Trd, 000325.020, 101
Trd, 000325.240, 115
Trd, 000326.320, 108
Trd, 000326.640, 114.55464852309576
Trd, 000326.820, 112
Trd, 000327.640, 111
Trd, 000328.020, 106
Trd, 000328.380, 111
Trd, 000328.420, 108
Trd, 000328.700, 112.0
Trd, 000328.880, 100.0
Trd, 000328.920, 95.0
Trd, 000329.600, 103
Trd, 000329.860, 103
Trd, 000330.380, 115
Trd, 000330.640, 102
Trd, 000330.880, 101.0
Trd, 000330.960, 100.0
Trd, 000332.320, 105
Trd, 000333.020, 105
Trd, 000333.100, 95.0
Trd, 000333.340, 99
Trd, 000334.180, 99
Trd, 000334.780, 100.0
Trd, 000335.000, 98
Trd, 000336.040, 99
Trd, 000336.260, 99
Trd, 000336.500, 99
Trd, 000336.840, 100
Trd, 000337.120, 98
Trd, 000337.740, 100
Trd, 000338.080, 96
Trd, 000339.120, 98
Trd, 000339.460, 93
Trd, 000339.520, 98
Trd, 000339.600, 99
Trd, 000340.620, 100.0
Trd, 000341.120, 116
Trd, 000341.520, 101
Trd, 000342.320, 100
Trd, 000343.240, 107
Trd, 000343.420, 104
Trd, 000343.600, 102
Trd, 000344.700, 103
Trd, 000344.820, 102
Trd, 000345.120, 105
Trd, 000345.860, 103
Trd, 000346.720, 102
Trd, 000346.940, 101.0
Trd, 000347.660, 103
Trd, 000347.760, 103.0
Trd, 000347.780, 107
Trd, 000348.220, 100.0
Trd, 000348.480, 111.0
Trd, 000349.800, 100
Trd, 000350.300, 101
Trd, 000350.360, 101
Trd, 000350.420, 105
Trd, 000352.180, 100
Trd, 000352.760, 102
Trd, 000352.900, 102
Trd, 000353.480, 100.0
Trd, 000353.540, 99
Trd, 000353.840, 100
Trd, 000354.300, 99
Trd, 000354.600, 101
Trd, 000354.900, 101
Trd, 000355.020, 99
Trd, 000355.480, 100
Trd, 000355.800, 99
Trd, 000357.440, 98
Trd, 000357.840, 100
Trd, 000358.000, 100.0
Trd, 000358.080, 104.0
Trd, 000358.500, 108
Trd, 000358.620, 106
Trd, 000360.420, 96
Trd, 000360.600, 98
Trd, 000361.140, 100
Trd, 000361.260, 95.0
Trd, 000361.540, 100.0
Trd, 000361.720, 105
Trd, 000362.400, 100.0
Trd, 000362.420, 97
Trd, 000363.300, 100
Trd, 000363.340, 99
Trd, 000363.620, 109.0
Trd, 000365.100, 96.0
Trd, 000365.120, 95.0
Trd, 000365.580, 104
Trd, 000367.060, 102.0
Trd, 000367.100, 104.0
Trd, 000367.200, 96
Trd, 000367.600, 102
Trd, 000367.700, 105
Trd, 000368.040, 97
Trd, 000369.080, 102
Trd, 000369.140, 98
Trd, 000369.440, 107
Trd, 000369.520, 99
Trd, 000370.600, 100.0
Trd, 000371.640, 100
Trd, 000371.880, 99
Trd, 000373.000, 101
Trd, 000373.040, 99
Trd, 000373.440, 98
Trd, 000373.760, 100
Trd, 000374.060, 98
Trd, 000374.980, 97
Trd, 000375.060, 95.0
Trd, 000375.420, 97
Trd, 000375.860, 97
Trd, 000376.120, 100.0
Trd, 000376.180, 103.0
Trd, 000377.460, 100
Trd, 000377.680, 99
Trd, 000378.040, 99
Trd, 000378.080, 104.0
Trd, 000379.480, 101
Trd, 000379.720, 101
Trd, 000380.400, 100.0
Trd, 000380.480, 99
Trd, 000381.120, 100
Trd, 000381.840, 100.0
Trd, 000382.020, 99
Trd, 000382.520, 98
Trd, 000382.740, 101
Trd, 000382.860, 97
Trd, 000383.500, 98
Trd, 000383.860, 97
Trd, 000383.880, 95.0
Trd, 000385.180, 102.0
Trd, 000385.260, 104.0
Trd, 000385.760, 100.0
Trd, 000386.140, 98
Trd, 000386.320, 97
Trd, 000386.780, 100.0
Trd, 000387.040, 101
Trd, 000387.140, 112.0
Trd, 000387.260, 97
Trd, 000388.840, 97
Trd, 000389.020, 98
Trd, 000389.780, 104
Trd, 000390.300, 103
Trd, 000390.480, 98
Trd, 000390.960, 87.0
Trd, 000392.000, 97
Trd, 000392.700, 102
Trd, 000392.940, 99
Trd, 000393.520, 102
Trd, 000393.580, 104
Trd, 000393.980, 100.0
Trd, 000394.460, 101
Trd, 000394.520, 101
Trd, 000394.840, 100
Trd, 000395.520, 99
Trd, 000396.240, 98
Trd, 000396.720, 100
Trd, 000396.960, 97.0
Trd, 000397.100, 95.0
Trd, 000397.240, 100.0
Trd, 000397.560, 96
Trd, 000397.880, 94
Trd, 000398.200, 100
Trd, 000400.140, 90.0
Trd, 000400.500, 91.0
Trd, 000400.700, 88.0
Trd, 000401.080, 100.0
Trd, 000401.700, 93
Trd, 000401.800, 94
Trd, 000402.340, 93
Trd, 000402.920, 104.0
Trd, 000403.200, 96
Trd, 000403.600, 111.0
Trd, 000404.280, 95.0
Trd, 000405.080, 96
Trd, 000405.340, 98
Trd, 000405.600, 100.0
Trd, 000406.840, 99
Trd, 000406.900, 104
Trd, 000407.120, 99
Trd, 000407.400, 99
Trd, 000407.720, 105
Trd, 000409.220, 102
Trd, 000409.380, 100.0
Trd, 000409.460, 106
Trd, 000411.040, 103
Trd, 000411.140, 102
Trd, 000411.380, 101
Trd, 000411.980, 102
Trd, 000412.340, 101
Trd, 000412.500, 100.0
Trd, 000413.220, 95.0
Trd, 000413.380, 103
Trd, 000413.500, 100
Trd, 000414.140, 100
Trd, 000415.000, 100
Trd, 000415.540, 101
Trd, 000415.700, 100
Trd, 000416.120, 100
Trd, 000416.360, 95.0
Trd, 000417.580, 100
Trd, 000417.640, 101
Trd, 000418.040, 98
Trd, 000418.080, 102.0
Trd, 000418.860, 100.0
Trd, 000419.520, 100.0
Trd, 000419.780, 99
Trd, 000420.320, 103.0
Trd, 000421.020, 101
Trd, 000421.340, 101
Trd, 000421.540, 102
Trd, 000421.820, 112.0
Trd, 000422.180, 100
Trd, 000422.360, 100
Trd, 000422.720, 116.0
Trd, 000423.820, 101.0
Trd, 000424.020, 105
Trd, 000424.560, 100.0
Trd, 000424.580, 103
Trd, 000425.820, 102
Trd, 000426.080, 97.0
Trd, 000426.180, 95.0
Trd, 000427.720, 96
Trd, 000427.780, 100.0
Trd, 000428.040, 101
Trd, 000428.200, 100
Trd, 000428.800, 99
Trd, 000428.860, 98
Trd, 000428.960, 89
Trd, 000429.000, 100
Trd, 000429.840, 112.0
Trd, 000430.700, 100.0
Trd, 000431.760, 101
Trd, 000432.240, 115
Trd, 000432.420, 100.0
Trd, 000432.500, 100
Trd, 000432.720, 98
Trd, 000433.360, 112.0
Trd, 000434.300, 102
Trd, 000434.900, 101
Trd, 000435.360, 104
Trd, 000435.800, 101
Trd, 000435.940, 103
Trd, 000436.460, 102
Trd, 000436.600, 100
Trd, 000436.620, 100.0
Trd, 000437.080, 99
Trd, 000437.960, 100
Trd, 000439.180, 99
Trd, 000439.260, 98
Trd, 000439.780, 100
Trd, 000440.580, 99
Trd, 000440.760, 97
Trd, 000441.400, 95.0
Trd, 000442.200, 99
Trd, 000442.480, 98
Trd, 000442.780, 97
Trd, 000443.060, 98
Trd, 000443.100, 96
Trd, 000443.320, 98
Trd, 000443.980, 96
Trd, 000444.520, 95.0
Trd, 000444.640, 88.0
Trd, 000444.820, 87.0
Trd, 000445.480, 98
Trd, 000445.540, 99
Trd, 000447.320, 100.0
Trd, 000448.100, 95.0
Trd, 000448.420, 102.0
Trd, 000448.520, 103.0
Trd, 000449.140, 94
Trd, 000449.460, 96.0
Trd, 000450.320, 95
Trd, 000450.680, 95
Trd, 000450.800, 100.0
Trd, 000451.060, 103.0
Trd, 000451.260, 104.0
Trd, 000452.500, 100
Trd, 000452.680, 100
Trd, 000452.840, 100.0
Trd, 000453.340, 101
Trd, 000453.900, 103
Trd, 000453.980, 103
Trd, 000454.080, 103
Trd, 000454.100, 97.0
Trd, 000454.260, 95.0
Trd, 000455.020, 110.0
Trd, 000455.380, 112.0
Trd, 000456.320, 113
Trd, 000456.340, 102
Trd, 000456.400, 100.0
Trd, 000457.880, 105
Trd, 000457.980, 111.0
Trd, 000458.600, 105
Trd, 000460.320, 110
Trd, 000460.540, 107
Trd, 000460.900, 111
Trd, 000461.400, 106
Trd, 000461.720, 110.0
Trd, 000461.820, 105
Trd, 000461.880, 100.0
Trd, 000461.940, 95.0
Trd, 000462.000, 112.0
Trd, 000462.420, 102
Trd, 000462.720, 114
Trd, 000465.160, 109
Trd, 000465.680, 107
Trd, 000465.860, 108
Trd, 000466.140, 107
Trd, 000466.320, 107
Trd, 000466.660, 106
Trd, 000466.700, 95.0
Trd, 000466.840, 108
Trd, 000467.460, 109
Trd, 000467.600, 110
Trd, 000467.840, 112.0
Trd, 000468.540, 87.0
Trd, 000469.560, 100.0
Trd, 000470.280, 88.0
Trd, 000470.840, 87.0
Trd, 000471.180, 91.0
Trd, 000471.420, 87.0
Trd, 000472.060, 87
Trd, 000472.480, 83.7462047648351
Trd, 000473.000, 87
Trd, 000473.160, 91
Trd, 000473.200, 95.0
Trd, 000473.380, 104.0
Trd, 000473.640, 112.0
Trd, 000474.820, 91.0
Trd, 000475.000, 94
Trd, 000475.340, 98
Trd, 000475.520, 92
Trd, 000475.940, 92
Trd, 000476.340, 116
Trd, 000477.500, 91
Trd, 000477.700, 94
Trd, 000477.920, 90
Trd, 000478.860, 93
Trd, 000479.140, 91.0
Trd, 000479.280, 96
Trd, 000480.880, 90
Trd, 000481.760, 93
Trd, 000482.480, 91
Trd, 000482.520, 90
Trd, 000482.540, 92
Trd, 000482.980, 93
Trd, 000483.000, 95.0
Trd, 000483.660, 93
Trd, 000483.820, 92
Trd, 000484.480, 93
Trd, 000485.040, 98.0
Trd, 000486.400, 100.0
Trd, 000486.840, 98
Trd, 000486.940, 92
Trd, 000487.080, 103.0
Trd, 000487.560, 100.0
Trd, 000487.700, 112.0
Trd, 000488.680, 99.0
Trd, 000489.060, 98.0
Trd, 000490.080, 103
Trd, 000490.140, 99
Trd, 000490.980, 99
Trd, 000491.700, 99
Trd, 000492.240, 97.0
Trd, 000492.380, 95.0
Trd, 000493.120, 98.0
Trd, 000493.840, 98
Trd, 000494.460, 111.0
Trd, 000494.540, 101
Trd, 000495.540, 99
Trd, 000495.740, 101
Trd, 000496.220, 101
Trd, 000496.460, 100
Trd, 000496.600, 99
Trd, 000496.860, 100
Trd, 000497.100, 102.0
Trd, 000497.160, 97.0
Trd, 000497.820, 95.0
Trd, 000498.320, 101
Trd, 000498.820, 104.0
Trd, 000499.600, 116
Trd, 000499.980, 104
Trd, 000500.400, 105
Trd, 000500.440, 122.95660258704712
Trd, 000501.180, 107
Trd, 000501.440, 104
Trd, 000501.860, 105
Trd, 000502.440, 104
Trd, 000503.020, 100.0
Trd, 000503.680, 102
Trd, 000503.760, 103
Trd, 000504.500, 104
Trd, 000504.620, 100.0
Trd, 000504.720, 95.0
Trd, 000505.160, 104
Trd, 000505.240, 89
Trd, 000505.740, 97
Trd, 000506.080, 88.0
Trd, 000506.460, 111.0
Trd, 000508.200, 99
Trd, 000508.960, 96
Trd, 000509.020, 95
Trd, 000509.040, 97
Trd, 000509.360, 95.0
Trd, 000509.640, 97
Trd, 000510.060, 94
Trd, 000512.340, 93
Trd, 000512.560, 87.0
Trd, 000512.920, 87
Trd, 000513.100, 95.0
Trd, 000513.200, 97
Trd, 000513.700, 83.7462047648351
Trd, 000515.040, 90
Trd, 000515.200, 91.0
Trd, 000515.700, 91
Trd, 000515.820, 89
Trd, 000516.080, 89
Trd, 000516.340, 103.0
Trd, 000517.420, 95
Trd, 000517.460, 95.0
Trd, 000517.500, 90
Trd, 000518.240, 95
Trd, 000519.580, 98.0
Trd, 000519.620, 96
Trd, 000520.460, 96
Trd, 000521.780, 96
Trd, 000521.880, 95
Trd, 000521.900, 100.0
Trd, 000522.520, 101
Trd, 000522.540, 112.0
Trd, 000522.740, 122.95660258704712
Trd, 000522.760, 97.0
Trd, 000524.280, 111
Trd, 000524.500, 101
Trd, 000525.080, 102
Trd, 000525.140, 109
Trd, 000526.200, 105
Trd, 000527.140, 107
Trd, 000527.300, 106
Trd, 000527.500, 107
Trd, 000527.780, 104
Trd, 000528.040, 104
Trd, 000528.260, 100.0
Trd, 000528.380, 107
Trd, 000528.680, 104.0
Trd, 000529.080, 102
Trd, 000529.400, 100.0
Trd, 000530.540, 102
Trd, 000530.880, 116
Trd, 000530.980, 120.25184120265965
Trd, 000531.160, 101
Trd, 000531.400, 95.0
Trd, 000531.940, 100.0
Trd, 000533.280, 99
Trd, 000533.720, 102
Trd, 000534.980, 100
Trd, 000535.560, 100
Trd, 000535.720, 99
Trd, 000536.680, 99
Trd, 000536.840, 100
Trd, 000537.240, 99.0
Trd, 000537.500, 100.0
Trd, 000537.800, 98
Trd, 000538.440, 98
Trd, 000538.460, 98
Trd, 000538.620, 95.0
Trd, 000538.760, 87.0
Trd, 000538.880, 104.0
Trd, 000539.900, 79.0
Trd, 000540.460, 85
Trd, 000540.780, 91
Trd, 000541.780, 82
Trd, 000542.380, 84.0
Trd, 000542.680, 87.0
Trd, 000542.780, 91.0
Trd, 000543.200, 83
Trd, 000543.640, 87
Trd, 000544.040, 95.0
Trd, 000544.200, 100.0
Trd, 000544.320, 86
Trd, 000545.560, 85.11774335915857
Trd, 000545.780, 118.25184120265965
Trd, 000545.940, 119.84115379697786
Trd, 000546.540, 91
Trd, 000547.300, 115
Trd, 000547.500, 105
Trd, 000547.900, 105
Trd, 000547.960, 104
Trd, 000548.500, 106
Trd, 000548.860, 107
Trd, 000548.900, 105
Trd, 000549.580, 103
Trd, 000549.920, 109
Trd, 000550.020, 100.0
Trd, 000550.120, 95.0
Trd, 000550.840, 99
Trd, 000551.140, 99
Trd, 000551.400, 107
Trd, 000551.500, 87.0
Trd, 000552.440, 102
Trd, 000552.900, 112.0
Trd, 000553.140, 94
Trd, 000553.320, 94
Trd, 000553.660, 92
Trd, 000554.380, 100.0
Trd, 000555.540, 109
Trd, 000556.800, 103
Trd, 000557.020, 103
Trd, 000557.060, 110
Trd, 000557.280, 108
Trd, 000557.400, 102
Trd, 000557.760, 110
Trd, 000557.880, 100.0
Trd, 000558.040, 111
Trd, 000558.700, 96.0
Trd, 000558.800, 100.0
Trd, 000559.500, 100
Trd, 000559.860, 95.0
Trd, 000559.920, 87.0
Trd, 000560.000, 79.0
Trd, 000560.420, 99
Trd, 000560.620, 101
Trd, 000560.680, 102
Trd, 000561.880, 104.0
Trd, 000562.300, 100.0
Trd, 000563.140, 99
Trd, 000564.160, 98
Trd, 000564.620, 97
Trd, 000564.780, 98
Trd, 000565.140, 97
Trd, 000565.380, 99.0
Trd, 000565.920, 100.0
Trd, 000566.900, 96
Trd, 000567.260, 95.0
Trd, 000567.980, 91.0
Trd, 000568.140, 93
Trd, 000568.320, 92
Trd, 000568.560, 92
Trd, 000568.980, 91
Trd, 000569.120, 100.0
Trd, 000569.340, 91
Trd, 000569.840, 90
Trd, 000570.440, 87.0
Trd, 000570.660, 87
Trd, 000571.080, 89
Trd, 000571.500, 91.0
Trd, 000571.740, 89
Trd, 000571.780, 95.0
Trd, 000572.400, 100.0
Trd, 000572.540, 88
Trd, 000573.520, 84.11774335915857
Trd, 000573.560, 85.11774335915857
Trd, 000573.880, 88
Trd, 000574.000, 110
Trd, 000574.520, 112.0
Trd, 000574.820, 116
Trd, 000575.060, 98
Trd, 000575.220, 122.95660258704712
Trd, 000575.320, 100.0
Trd, 000575.520, 103
Trd, 000576.080, 95.0
Trd, 000577.540, 79.0
Trd, 000578.320, 98
Trd, 000578.900, 98
Trd, 000579.000, 99
Trd, 000579.420, 97
Trd, 000579.700, 97
Trd, 000579.800, 94
Trd, 000580.120, 98
Trd, 000580.660, 99
Trd, 000580.860, 95.0
Trd, 000581.080, 100.0
Trd, 000582.340, 99
Trd, 000582.400, 94
Trd, 000582.700, 103.0
Trd, 000582.840, 104.0
Trd, 000583.180, 96
Trd, 000583.520, 94
Trd, 000584.560, 100.0
Trd, 000584.900, 100
Trd, 000585.200, 100
Trd, 000585.460, 100
Trd, 000585.540, 96.0
Trd, 000586.020, 100.0
Trd, 000586.720, 111.0
Trd, 000586.780, 99
Trd, 000587.280, 98
Trd, 000588.180, 99
Trd, 000590.900, 98
Trd, 000591.220, 97
Trd, 000591.380, 100
Trd, 000591.540, 95.0
Trd, 000592.620, 90.0
Trd, 000592.660, 91.0
Trd, 000593.080, 93
Trd, 000593.540, 100
Trd, 000593.860, 100
Trd, 000594.180, 98
Trd, 000594.940, 95.0
Trd, 000595.440, 94
Trd, 000595.840, 96.0
Trd, 000595.960, 97.0
Trd, 000596.020, 95.0
Trd, 000596.260, 95
Trd, 000596.680, 94
Trd, 000596.700, 96
Trd, 000598.140, 94
Trd, 000598.380, 95
Trd, 000598.540, 99.0
Trd, 000599.300, 100.0
Trd, 000599.540, 104.0
Trd, 000600.780, 95.0
Trd, 000601.720, 95
Trd, 000602.300, 99
Trd, 000602.360, 94
Trd, 000603.100, 99
Trd, 000603.300, 100
Trd, 000603.560, 96.0
Trd, 000603.600, 100.0
Trd, 000604.420, 104.0
Trd, 000604.660, 99
Trd, 000605.880, 98
Trd, 000606.240, 99
Trd, 000607.160, 97
Trd, 000607.360, 98
Trd, 000607.500, 99
Trd, 000607.600, 96
Trd, 000607.620, 87.0
Trd, 000608.060, 112.0
Trd, 000608.320, 95
Trd, 000608.340, 92
Trd, 000608.440, 100.0
Trd, 000608.840, 117
Trd, 000609.860, 95.0
Trd, 000609.900, 100.0
Trd, 000611.100, 98
Trd, 000611.480, 101
Trd, 000612.040, 100
Trd, 000612.540, 98
Trd, 000612.720, 98
Trd, 000613.380, 97
Trd, 000613.440, 95.0
Trd, 000613.800, 100
Trd, 000614.340, 100.0
Trd, 000614.740, 99.0
Trd, 000615.300, 100.0
Trd, 000615.380, 98
Trd, 000616.100, 99
Trd, 000616.220, 87.0
Trd, 000616.400, 88
Trd, 000616.620, 93
Trd, 000616.840, 80.0
Trd, 000616.860, 104.0
Trd, 000617.540, 111.0
Trd, 000619.020, 103
Trd, 000619.900, 109.0
Trd, 000620.820, 109.0
Trd, 000621.060, 105
Trd, 000621.200, 103
Trd, 000621.960, 95.0
Trd, 000622.900, 100
Trd, 000623.200, 101.0
Trd, 000623.280, 100
Trd, 000623.520, 104.0
Trd, 000623.720, 100
Trd, 000624.100, 102
Trd, 000624.740, 102
Trd, 000624.760, 99
Trd, 000625.120, 100
Trd, 000625.460, 95.0
Trd, 000625.760, 87.0
Trd, 000626.060, 79.0
Trd, 000626.180, 90
Trd, 000627.380, 71.7612586046495
Trd, 000627.420, 72.7612586046495
Trd, 000627.700, 83
Trd, 000627.920, 79
Trd, 000628.400, 95.0
Trd, 000628.920, 100.0
Trd, 000629.820, 110.0
Trd, 000630.260, 102
Trd, 000630.580, 102
Trd, 000630.760, 102
Trd, 000631.060, 102
Trd, 000632.080, 101
Trd, 000632.180, 100
Trd, 000632.920, 112.0
Trd, 000634.180, 101
Trd, 000634.460, 114
Trd, 000634.520, 115
Trd, 000634.780, 116
Trd, 000635.560, 105
Trd, 000635.640, 108
Trd, 000635.660, 102
Trd, 000637.100, 105
Trd, 000637.120, 104
Trd, 000637.320, 103
Trd, 000637.520, 104
Trd, 000638.380, 105
Trd, 000638.700, 103
Trd, 000639.120, 103
Trd, 000639.560, 102
Trd, 000640.480, 102
Trd, 000641.480, 102
Trd, 000642.060, 102
Trd, 000642.260, 100
Trd, 000642.300, 100.0
Trd, 000642.860, 100.0
Trd, 000643.560, 104
Trd, 000643.600, 99.0
Trd, 000644.300, 108.0
Trd, 000644.480, 109.0
Trd, 000644.680, 99.0
Trd, 000645.140, 112.0
Trd, 000645.660, 100
Trd, 000646.080, 111
Trd, 000647.280, 101
Trd, 000647.520, 103
Trd, 000648.240, 101.0
Trd, 000649.180, 102
Trd, 000649.360, 100.0
Trd, 000649.780, 100
Trd, 000650.420, 95.0
Trd, 000651.060, 97
Trd, 000651.300, 102
Trd, 000652.440, 100.0
Trd, 000653.000, 97
Trd, 000653.060, 96
Trd, 000653.600, 98
Trd, 000654.300, 112.0
Trd, 000654.960, 115
Trd, 000655.080, 116
Trd, 000655.120, 97
Trd, 000655.720, 103.0
Trd, 000656.840, 107
Trd, 000657.080, 107
Trd, 000657.260, 116
Trd, 000657.500, 117
Trd, 000658.960, 110.0
Trd, 000658.980, 109
Trd, 000659.020, 111
Trd, 000659.400, 108
Trd, 000659.500, 108
Trd, 000660.060, 110
Trd, 000660.320, 109
Trd, 000660.360, 108
Trd, 000660.440, 100.0
Trd, 000660.640, 103
Trd, 000661.600, 100.0
Trd, 000662.560, 102
Trd, 000663.200, 96.0
Trd, 000663.660, 101
Trd, 000663.740, 108.0
Trd, 000663.800, 111.0
Trd, 000663.920, 95.0
Trd, 000664.220, 87.0
Trd, 000664.780, 81.0
Trd, 000664.840, 83.0
Trd, 000665.040, 86
Trd, 000665.300, 87.0
Trd, 000665.380, 85
Trd, 000665.760, 88
Trd, 000666.060, 102
Trd, 000666.680, 101.0
Trd, 000666.780, 112.0
Trd, 000667.140, 101
Trd, 000667.900, 116
Trd, 000669.540, 103
Trd, 000670.300, 103
Trd, 000670.340, 102.0
Trd, 000670.480, 100.0
Trd, 000672.200, 95.0
Trd, 000672.620, 93
Trd, 000673.120, 93
Trd, 000673.520, 94
Trd, 000673.880, 93
Trd, 000674.240, 92
Trd, 000674.860, 96
Trd, 000675.280, 100.0
Trd, 000676.100, 104.0
Trd, 000676.480, 112.0
Trd, 000676.940, 104
Trd, 000677.420, 108
Trd, 000677.560, 105
Trd, 000678.960, 111.0
Trd, 000679.120, 107
Trd, 000679.420, 108
Trd, 000679.460, 107
Trd, 000679.620, 112.0
Trd, 000679.700, 100.0
Trd, 000679.720, 97
Trd, 000679.900, 102
Trd, 000680.340, 110
Trd, 000680.640, 115
Trd, 000681.180, 116
Trd, 000682.000, 114
Trd, 000683.500, 112.0
Trd, 000683.600, 111
Trd, 000683.700, 108
Trd, 000683.900, 106
Trd, 000684.360, 101
Trd, 000684.960, 95.0
Trd, 000685.300, 87.0
Trd, 000685.680, 101
Trd, 000685.940, 100.0
Trd, 000686.780, 97
Trd, 000686.960, 87.0
Trd, 000687.720, 90.0
Trd, 000687.880, 91.0
Trd, 000688.240, 85.11774335915857
Trd, 000688.980, 86
Trd, 000689.040, 90
Trd, 000689.280, 95.0
Trd, 000689.540, 91
Trd, 000691.020, 94.0
Trd, 000691.140, 88.0
Trd, 000691.180, 79.0
Trd, 000691.500, 95.0
Trd, 000693.020, 91
Trd, 000693.300, 90
Trd, 000694.060, 90
Trd, 000694.380, 89.0
Trd, 000694.840, 88
Trd, 000695.200, 91.0
Trd, 000695.540, 96.0
Trd, 000695.840, 104.0
Trd, 000696.080, 100.0
Trd, 000696.840, 99
Trd, 000697.040, 112.0
Trd, 000697.120, 100
Trd, 000697.260, 99
Trd, 000697.280, 99
Trd, 000697.680, 104
Trd, 000697.700, 92
Trd, 000698.060, 116
Trd, 000698.740, 96
Trd, 000699.300, 96
Trd, 000699.760, 95.0
Trd, 000699.880, 87.0
Trd, 000700.460, 100.0
Trd, 000702.280, 99
Trd, 000702.680, 95
Trd, 000703.140, 100.0
Trd, 000703.560, 96
Trd, 000703.780, 96
Trd, 000704.200, 101.0
Trd, 000704.540, 95.0
Trd, 000704.640, 100.0
Trd, 000704.660, 88.0
Trd, 000704.860, 104.0
Trd, 000706.040, 94
Trd, 000706.240, 99
Trd, 000706.560, 98
Trd, 000707.040, 96
Trd, 000707.900, 96
Trd, 000708.380, 97
Trd, 000709.120, 97.0
Trd, 000709.180, 100.0
Trd, 000709.660, 98
Trd, 000709.980, 97.0
Trd, 000710.240, 99
Trd, 000710.280, 99
Trd, 000710.520, 99
Trd, 000711.780, 105.0
Trd, 000712.260, 100.0
Trd, 000712.660, 103.0
Trd, 000713.040, 87.0
Trd, 000713.960, 96
Trd, 000714.240, 95
Trd, 000714.320, 96
Trd, 000714.620, 96.0
Trd, 000714.820, 97
Trd, 000715.040, 96
Trd, 000716.240, 97
Trd, 000716.440, 97
Trd, 000716.760, 95.0
Trd, 000716.880, 95
Trd, 000716.980, 98.0
Trd, 000717.520, 95
Trd, 000717.540, 94
Trd, 000717.600, 97.0
Trd, 000718.580, 91.0
Trd, 000719.420, 90.0
Trd, 000720.140, 94
Trd, 000720.480, 95
Trd, 000720.520, 95.0
Trd, 000720.940, 100.0
Trd, 000721.480, 93
Trd, 000722.500, 102.0
Trd, 000723.200, 104.0
Trd, 000723.300, 94
Trd, 000723.500, 100
Trd, 000723.600, 112.0
Trd, 000724.140, 100.0
Trd, 000724.300, 96
Trd, 000724.480, 100.0
Trd, 000725.140, 99
Trd, 000725.700, 100
Trd, 000726.320, 101
Trd, 000726.380, 100.0
Trd, 000726.680, 98
Trd, 000726.800, 98
Trd, 000726.980, 100
Trd, 000727.580, 100
Trd, 000727.920, 104.0
Trd, 000729.040, 100
Trd, 000729.940, 100
Trd, 000730.120, 100.0
Trd, 000730.600, 99
Trd, 000732.000, 98
Trd, 000732.320, 104.0
Trd, 000732.620, 95
Trd, 000733.240, 102
Trd, 000733.420, 102
Trd, 000733.640, 109.0
Trd, 000734.580, 104.0
Trd, 000734.820, 105
Trd, 000735.440, 107.0
Trd, 000736.400, 106
Trd, 000736.580, 106.0
Trd, 000736.700, 104
Trd, 000736.880, 104
Trd, 000737.560, 104
Trd, 000738.320, 103
Trd, 000738.760, 102.0
Trd, 000739.040, 103
Trd, 000739.420, 100.0
Trd, 000739.980, 102
Trd, 000740.220, 95.0
Trd, 000740.380, 103
Trd, 000740.860, 98
Trd, 000741.320, 98
Trd, 000741.580, 112.0
Trd, 000741.960, 100.0
Trd, 000742.680, 113
Trd, 000743.540, 115
Trd, 000744.780, 113
Trd, 000744.800, 112
Trd, 000744.940, 112.0
Trd, 000745.800, 111
Trd, 000746.000, 111
Trd, 000746.180, 112
Trd, 000746.480, 111
Trd, 000747.020, 102
Trd, 000747.220, 100.0
Trd, 000747.540, 95.0
Trd, 000748.000, 112.0
Trd, 000748.060, 116
Trd, 000749.000, 89.0
Trd, 000749.040, 94
Trd, 000749.060, 87.0
Trd, 000749.540, 89
Trd, 000749.740, 79.0
Trd, 000750.280, 83.0
Trd, 000750.580, 88
Trd, 000751.760, 86
Trd, 000751.820, 91.0
Trd, 000751.940, 85
Trd, 000752.260, 95.0
Trd, 000752.320, 79.0
Trd, 000752.580, 99.0
Trd, 000753.920, 100.0
Trd, 000754.400, 99.0
Trd, 000754.540, 98
Trd, 000755.000, 100.0
Trd, 000755.280, 97
Trd, 000755.760, 99
Trd, 000756.160, 96
Trd, 000756.240, 96
Trd, 000756.740, 95.0
Trd, 000757.120, 97
Trd, 000757.960, 96
Trd, 000759.080, 96
Trd, 000759.740, 96
Trd, 000760.060, 96
Trd, 000760.200, 96
Trd, 000760.300, 95
Trd, 000760.740, 100.0
Trd, 000760.920, 95
Trd, 000761.620, 104.0
Trd, 000762.000, 96
Trd, 000762.380, 96
Trd, 000762.580, 96
Trd, 000762.680, 98.0
Trd, 000764.500, 97.0
Trd, 000764.840, 97
Trd, 000765.020, 100.0
Trd, 000765.160, 104.0
Trd, 000765.300, 97
Trd, 000766.080, 100
Trd, 000766.160, 95.0
Trd, 000766.840, 95
Trd, 000767.180, 99
Trd, 000767.220, 100
Trd, 000767.240, 92
Trd, 000767.540, 110.0
Trd, 000767.840, 95.0
Trd, 000768.760, 87.0
Trd, 000769.140, 102.0
Trd, 000769.560, 80.0
Trd, 000770.160, 104.0
Trd, 000770.400, 87.0
Trd, 000771.000, 88
Trd, 000771.120, 89
Trd, 000771.300, 88
Trd, 000771.760, 88
Trd, 000772.560, 88
Trd, 000772.900, 87
Trd, 000773.020, 91.0
Trd, 000774.320, 86
Trd, 000774.360, 97.0
Trd, 000775.300, 99.0
Trd, 000775.340, 100.0
Trd, 000775.560, 79
Trd, 000776.100, 95.0
Trd, 000776.260, 92
Trd, 000776.940, 91
Trd, 000777.120, 95.0
Trd, 000777.160, 96
Trd, 000777.440, 97
Trd, 000778.020, 95
Trd, 000778.040, 96
Trd, 000779.040, 98
Trd, 000779.320, 100.0
Trd, 000780.900, 99
Trd, 000781.920, 99.0
Trd, 000782.340, 98
Trd, 000782.600, 100.0
Trd, 000782.680, 104.0
Trd, 000782.760, 98
Trd, 000783.240, 97
Trd, 000783.300, 101
Trd, 000783.340, 108
Trd, 000784.020, 95.0
Trd, 000784.640, 87.0
Trd, 000785.080, 87
Trd, 000785.200, 103
Trd, 000785.300, 78.43222552523052
Trd, 000786.360, 98
Trd, 000786.620, 98
Trd, 000787.500, 112.0
Trd, 000788.800, 96
Trd, 000790.140, 100.0
Trd, 000790.580, 98.0
Trd, 000790.640, 97.0
Trd, 000790.660, 95
Trd, 000790.960, 98
Trd, 000791.060, 99
Trd, 000791.160, 99
Trd, 000791.400, 96
Trd, 000791.440, 100
Trd, 000791.700, 95.0
Trd, 000792.420, 98
Trd, 000792.680, 95
Trd, 000792.700, 94
Trd, 000793.100, 95
Trd, 000793.580, 94
Trd, 000794.620, 94
Trd, 000795.720, 97.0
Trd, 000795.960, 95.0
Trd, 000796.160, 100.0
Trd, 000796.340, 94
Trd, 000796.840, 104.0
Trd, 000797.840, 100
Trd, 000798.240, 95
Trd, 000798.900, 98
Trd, 000799.040, 96
Trd, 000799.360, 97
Trd, 000799.940, 97
Trd, 000799.960, 96
Trd, 000800.400, 95.0
Trd, 000800.520, 105
Trd, 000800.920, 91.0
Trd, 000801.520, 90.0
Trd, 000801.700, 96
Trd, 000802.300, 103.0
Trd, 000803.380, 96
Trd, 000804.240, 97
Trd, 000804.260, 95
Trd, 000804.380, 98
Trd, 000804.840, 100.0
Trd, 000805.600, 99
Trd, 000806.360, 98
Trd, 000806.500, 99
Trd, 000806.660, 98
Trd, 000806.840, 97
Trd, 000807.680, 98
Trd, 000808.140, 98
Trd, 000808.400, 98
Trd, 000808.440, 99
Trd, 000809.800, 97
Trd, 000810.140, 99
Trd, 000810.220, 98
Trd, 000810.300, 100.0
Trd, 000810.540, 99
Trd, 000811.040, 97
Trd, 000811.060, 116
Trd, 000811.340, 122.95660258704712
Trd, 000812.240, 95.0
Trd, 000812.540, 95
Trd, 000813.160, 87.0
Trd, 000813.620, 95.0
Trd, 000814.240, 95.0
Trd, 000814.620, 97.0
Trd, 000814.780, 93
Trd, 000814.960, 96
Trd, 000815.460, 95
Trd, 000815.600, 92
Trd, 000816.500, 100.0
Trd, 000818.020, 100.0
Trd, 000818.160, 96
Trd, 000818.880, 87.0
Trd, 000819.040, 110.0
Trd, 000819.700, 99
Trd, 000820.180, 97
Trd, 000820.680, 97
Trd, 000820.860, 101
Trd, 000821.020, 95.0
Trd, 000821.200, 104.0
Trd, 000821.440, 97
Trd, 000822.200, 99
Trd, 000822.220, 100.0
Trd, 000823.080, 98
Trd, 000823.720, 99
Trd, 000823.860, 99
Trd, 000824.040, 97
Trd, 000824.400, 97
Trd, 000825.440, 98
Trd, 000826.140, 97
Trd, 000826.460, 98
Trd, 000826.660, 100.0
Trd, 000827.580, 101
Trd, 000827.900, 101
Trd, 000828.320, 107
Trd, 000829.460, 105
Trd, 000829.540, 107.0
Trd, 000829.820, 104
Trd, 000830.280, 104
Trd, 000830.340, 100.0
Trd, 000830.620, 87.0
Trd, 000832.100, 104.0
Trd, 000832.600, 95.0
Trd, 000832.940, 100.0
Trd, 000833.080, 103
Trd, 000833.380, 99
Trd, 000833.520, 102
Trd, 000834.160, 98
Trd, 000834.180, 97
Trd, 000834.380, 78.73525925013107
Trd, 000834.580, 100
Trd, 000834.720, 88
Trd, 000835.340, 93
Trd, 000836.840, 92
Trd, 000836.960, 98
Trd, 000837.960, 95
Trd, 000838.380, 104.0
Trd, 000839.880, 105
Trd, 000840.680, 108
Trd, 000840.960, 108.0
Trd, 000841.020, 110.0
Trd, 000841.140, 107
Trd, 000841.380, 106
Trd, 000841.460, 106
Trd, 000841.800, 106
Trd, 000842.060, 107
Trd, 000842.380, 105
Trd, 000842.800, 100.0
Trd, 000844.940, 102
Trd, 000845.040, 102
Trd, 000845.340, 96.0
Trd, 000845.940, 101
Trd, 000846.300, 100
Trd, 000846.380, 100.0
Trd, 000846.740, 102
Trd, 000846.860, 103
Trd, 000847.660, 99
Trd, 000848.580, 87.0
Trd, 000848.740, 82
Trd, 000848.900, 91.0
Trd, 000849.260, 100
Trd, 000849.460, 104.0
Trd, 000849.740, 101
Trd, 000850.600, 102
Trd, 000850.700, 112.0
Trd, 000850.800, 115
Trd, 000851.120, 104
Trd, 000852.700, 109
Trd, 000852.880, 115
Trd, 000853.160, 103
Trd, 000853.860, 105
Trd, 000854.320, 104
Trd, 000854.640, 105
Trd, 000855.180, 104
Trd, 000855.260, 104
Trd, 000855.800, 104
Trd, 000855.940, 103
Trd, 000856.640, 103
Trd, 000856.740, 100.0
Trd, 000857.080, 111.0
Trd, 000857.380, 112.0
Trd, 000858.040, 96.0
Trd, 000859.120, 114
Trd, 000859.340, 100.0
Trd, 000860.300, 100
Trd, 000860.900, 100
Trd, 000860.920, 99
Trd, 000861.500, 104
Trd, 000861.640, 105
Trd, 000862.400, 104
Trd, 000862.620, 104
Trd, 000862.640, 103
Trd, 000862.700, 109.0
Trd, 000863.240, 102
Trd, 000863.900, 102
