Trd, 000001.325, 74
Trd, 000004.100, 81.0
Trd, 000004.675, 80
Trd, 000005.025, 87
Trd, 000005.250, 92.0
Trd, 000005.300, 118.0
Trd, 000005.375, 128.0
Trd, 000005.450, 91
Trd, 000006.825, 101.0
Trd, 000007.050, 102.0
Trd, 000007.675, 120.0
Trd, 000007.750, 97
Trd, 000008.450, 118
Trd, 000008.625, 96
Trd, 000010.325, 99.0
Trd, 000010.975, 99.0
Trd, 000011.025, 97
Trd, 000011.850, 96
Trd, 000012.650, 96
Trd, 000013.250, 95
Trd, 000013.525, 97
Trd, 000014.050, 97
Trd, 000014.875, 96
Trd, 000015.175, 97
Trd, 000015.325, 107.0
Trd, 000016.075, 113.0
Trd, 000016.200, 99
Trd, 000016.925, 100.0
Trd, 000017.175, 102.0
Trd, 000017.800, 98
Trd, 000018.475, 97
Trd, 000019.675, 97
Trd, 000020.500, 97
Trd, 000022.050, 97
Trd, 000022.150, 96
Trd, 000022.300, 102.0
Trd, 000023.025, 99
Trd, 000023.200, 100
Trd, 000024.325, 104
Trd, 000025.000, 109.0
Trd, 000025.125, 107.0
Trd, 000025.475, 105
Trd, 000025.800, 103
Trd, 000026.025, 99
Trd, 000026.550, 95
Trd, 000028.900, 91
Trd, 000029.350, 91
Trd, 000029.525, 92
Trd, 000029.825, 92.0
Trd, 000029.925, 93
Trd, 000030.100, 102.0
Trd, 000030.475, 94
Trd, 000030.575, 93
Trd, 000031.950, 95
Trd, 000032.200, 101.0
Trd, 000032.225, 92.0
Trd, 000032.500, 95
Trd, 000033.225, 97
Trd, 000033.525, 101.0
Trd, 000034.075, 102.0
Trd, 000035.125, 95
Trd, 000036.250, 98
Trd, 000036.750, 99
Trd, 000036.850, 96
Trd, 000037.325, 95
Trd, 000039.075, 96
Trd, 000039.225, 96
Trd, 000039.425, 97
Trd, 000040.925, 96
Trd, 000042.350, 96
Trd, 000042.450, 96
Trd, 000043.300, 101.0
Trd, 000043.475, 95
Trd, 000043.800, 96
Trd, 000044.025, 96
Trd, 000044.725, 96
Trd, 000045.650, 102.0
Trd, 000046.125, 107.0
Trd, 000046.900, 123.0
Trd, 000047.100, 128.0
Trd, 000047.450, 96
Trd, 000049.075, 96
Trd, 000049.975, 110
Trd, 000052.025, 101
Trd, 000052.525, 100
Trd, 000052.675, 102.0
Trd, 000053.200, 98
Trd, 000054.025, 99
Trd, 000054.375, 99
Trd, 000054.600, 100
Trd, 000054.750, 97
Trd, 000055.075, 100
Trd, 000056.100, 100
Trd, 000057.200, 107.0
Trd, 000057.550, 96
Trd, 000058.000, 113.0
Trd, 000058.975, 102
Trd, 000059.925, 105
Trd, 000060.650, 108.0
Trd, 000061.225, 108.0
Trd, 000061.250, 107.0
Trd, 000061.425, 108.0
Trd, 000061.825, 106
Trd, 000062.075, 102.0
Trd, 000063.350, 107.0
Trd, 000064.075, 106
Trd, 000065.125, 105
Trd, 000065.150, 104
Trd, 000066.475, 104
Trd, 000067.900, 103
Trd, 000068.725, 103
Trd, 000068.800, 103
Trd, 000070.175, 103
Trd, 000070.450, 104
Trd, 000070.975, 102
Trd, 000071.750, 103
Trd, 000072.150, 102
Trd, 000073.650, 100
Trd, 000073.825, 100
Trd, 000074.025, 100
Trd, 000074.550, 99
Trd, 000075.375, 99
Trd, 000075.500, 97
Trd, 000076.075, 102.0
Trd, 000076.375, 107.0
Trd, 000076.500, 113.0
Trd, 000076.950, 117.0
Trd, 000077.125, 107.0
Trd, 000078.325, 98
Trd, 000078.600, 113.0
Trd, 000081.100, 101.0
Trd, 000081.125, 102
Trd, 000081.550, 101
Trd, 000082.025, 102
Trd, 000082.200, 99
Trd, 000083.100, 100
Trd, 000083.125, 101
Trd, 000083.675, 102.0
Trd, 000084.600, 99
Trd, 000084.700, 101
Trd, 000085.550, 101
Trd, 000085.950, 98
Trd, 000087.125, 101
Trd, 000087.600, 102.0
Trd, 000087.650, 98
Trd, 000088.350, 106.0
Trd, 000090.350, 101
Trd, 000091.400, 99
Trd, 000093.325, 98
Trd, 000093.600, 99
Trd, 000094.400, 98
Trd, 000095.075, 93.0
Trd, 000095.150, 97
Trd, 000095.875, 97
Trd, 000096.050, 99
Trd, 000096.800, 94.0
Trd, 000097.425, 97
Trd, 000097.950, 93
Trd, 000098.125, 95
Trd, 000099.525, 95
Trd, 000101.650, 98
Trd, 000102.000, 99
Trd, 000102.100, 101.0
Trd, 000102.425, 102.0
Trd, 000102.475, 113.0
Trd, 000103.625, 97
Trd, 000104.550, 99
Trd, 000104.950, 99
Trd, 000106.400, 97
Trd, 000106.950, 97
Trd, 000107.175, 100
Trd, 000107.225, 102.0
Trd, 000107.800, 106.0
Trd, 000108.875, 96
Trd, 000108.925, 99
Trd, 000109.300, 99
Trd, 000109.625, 100
Trd, 000110.725, 99
Trd, 000110.825, 101.0
Trd, 000111.075, 102.0
Trd, 000111.125, 98
Trd, 000111.925, 112.0
Trd, 000112.450, 113.0
Trd, 000113.925, 107.0
Trd, 000115.300, 103
Trd, 000115.650, 102
Trd, 000115.900, 103
Trd, 000116.700, 105
Trd, 000117.375, 105
Trd, 000117.675, 102
Trd, 000118.400, 104
Trd, 000118.675, 104
Trd, 000119.625, 104
Trd, 000119.775, 104
Trd, 000120.525, 103
Trd, 000120.925, 104.0
Trd, 000121.475, 103
Trd, 000122.175, 104
Trd, 000122.450, 104
Trd, 000122.925, 104
Trd, 000124.000, 106.0
Trd, 000124.875, 107.0
Trd, 000125.150, 102
Trd, 000125.925, 105
Trd, 000126.150, 106
Trd, 000126.850, 100
Trd, 000128.150, 100
Trd, 000128.825, 102.0
Trd, 000129.350, 101
Trd, 000129.450, 105
Trd, 000129.700, 105
Trd, 000129.750, 104
Trd, 000130.800, 102
Trd, 000131.225, 107.0
Trd, 000132.225, 101
Trd, 000133.825, 102.0
Trd, 000134.000, 102
Trd, 000134.525, 100
Trd, 000135.925, 101
Trd, 000136.075, 101
Trd, 000136.925, 101
Trd, 000137.325, 96
Trd, 000137.375, 99
Trd, 000138.125, 97
Trd, 000138.150, 98
Trd, 000138.250, 96
Trd, 000139.050, 95
Trd, 000140.800, 94
Trd, 000141.075, 102.0
Trd, 000141.850, 107.0
Trd, 000141.975, 109
Trd, 000143.850, 98
Trd, 000144.175, 98
Trd, 000144.400, 99
Trd, 000144.900, 98
Trd, 000145.100, 97
Trd, 000145.475, 101.0
Trd, 000146.700, 102.0
Trd, 000146.850, 99
Trd, 000147.375, 101
Trd, 000147.600, 102.0
Trd, 000149.475, 113.0
Trd, 000150.100, 105
Trd, 000150.350, 105
Trd, 000150.725, 118.0
Trd, 000151.575, 103
Trd, 000152.150, 99
Trd, 000153.650, 99
Trd, 000154.150, 100
Trd, 000154.950, 100
Trd, 000155.275, 100
Trd, 000155.950, 101
Trd, 000155.975, 100
Trd, 000156.275, 101.0
Trd, 000156.375, 102.0
Trd, 000157.450, 100
Trd, 000158.075, 100
Trd, 000158.300, 100
Trd, 000158.325, 99
Trd, 000158.550, 101
Trd, 000159.650, 100
Trd, 000159.950, 102.0
Trd, 000161.025, 106.0
Trd, 000161.400, 107.0
Trd, 000162.325, 104
Trd, 000162.375, 103
Trd, 000163.925, 101.0
Trd, 000164.400, 100
Trd, 000165.125, 100
Trd, 000165.175, 98
Trd, 000165.450, 102.0
Trd, 000166.775, 100
Trd, 000168.375, 96
Trd, 000168.600, 97
Trd, 000168.975, 96
Trd, 000170.025, 90
Trd, 000170.225, 88
Trd, 000170.425, 88
Trd, 000170.475, 89
Trd, 000171.025, 92.0
Trd, 000172.200, 89
Trd, 000172.225, 91
Trd, 000173.125, 100.0
Trd, 000174.225, 93
Trd, 000174.675, 93
Trd, 000175.100, 93
Trd, 000175.400, 102.0
Trd, 000176.600, 96
Trd, 000176.725, 95
Trd, 000176.850, 95
Trd, 000177.325, 107.0
Trd, 000178.425, 99
Trd, 000178.700, 96.0
Trd, 000180.050, 98
Trd, 000180.175, 101
Trd, 000181.125, 102.0
Trd, 000181.225, 98
Trd, 000182.150, 98
Trd, 000184.325, 96
Trd, 000184.800, 97
Trd, 000185.000, 98
Trd, 000185.300, 97
Trd, 000185.725, 99
Trd, 000187.025, 98
Trd, 000187.050, 98
Trd, 000187.400, 96
Trd, 000187.475, 100
Trd, 000187.775, 102.0
Trd, 000188.150, 106.0
Trd, 000188.250, 107.0
Trd, 000188.775, 86
Trd, 000188.925, 105
Trd, 000190.925, 96
Trd, 000191.175, 100
Trd, 000191.725, 102.0
Trd, 000193.075, 116.0
Trd, 000193.475, 117.0
Trd, 000193.625, 114
Trd, 000194.200, 113
Trd, 000194.625, 113
Trd, 000194.700, 114
Trd, 000195.050, 96
Trd, 000195.950, 109
Trd, 000196.325, 107.0
Trd, 000197.625, 107
Trd, 000198.000, 117.0
Trd, 000198.200, 108
Trd, 000200.025, 107.0
Trd, 000201.125, 102.0
Trd, 000201.300, 100
Trd, 000201.825, 101
Trd, 000203.850, 101
Trd, 000204.725, 99
Trd, 000205.000, 99
Trd, 000205.250, 98
Trd, 000205.275, 99
Trd, 000205.525, 100
Trd, 000206.450, 107.0
Trd, 000206.800, 99
Trd, 000207.375, 100.0
Trd, 000208.850, 99
Trd, 000209.300, 99
Trd, 000209.325, 100
Trd, 000209.475, 102.0
Trd, 000209.950, 97
Trd, 000211.550, 102
Trd, 000212.525, 102
Trd, 000213.275, 103
Trd, 000213.725, 108.0
Trd, 000214.850, 108.0
Trd, 000215.525, 111.0
Trd, 000215.725, 112.0
Trd, 000216.000, 113.0
Trd, 000216.325, 102
Trd, 000216.500, 102
Trd, 000217.325, 101
Trd, 000218.800, 102.0
Trd, 000219.100, 104
Trd, 000219.325, 106
Trd, 000219.650, 101
Trd, 000219.725, 107.0
Trd, 000220.425, 101
Trd, 000220.725, 101.0
Trd, 000220.825, 100
Trd, 000222.500, 99
Trd, 000222.925, 101
Trd, 000223.425, 100
Trd, 000224.450, 100
Trd, 000224.825, 101
Trd, 000225.400, 102.0
Trd, 000225.625, 97
Trd, 000225.875, 107.0
Trd, 000227.400, 113.0
Trd, 000228.550, 101
Trd, 000229.050, 102
Trd, 000229.525, 100
Trd, 000229.700, 102
Trd, 000229.950, 100
Trd, 000229.975, 99
Trd, 000230.150, 102.0
Trd, 000231.075, 102
Trd, 000231.325, 103
Trd, 000233.250, 101
Trd, 000233.450, 101
Trd, 000233.825, 100
Trd, 000234.425, 100
Trd, 000234.575, 101
Trd, 000234.625, 99
Trd, 000235.775, 101
Trd, 000236.800, 102.0
Trd, 000237.875, 101
Trd, 000238.225, 107.0
Trd, 000238.450, 113.0
Trd, 000238.550, 98
Trd, 000239.525, 104
Trd, 000241.300, 101
Trd, 000241.975, 100
Trd, 000242.425, 101
Trd, 000243.475, 99
Trd, 000244.825, 98
Trd, 000244.900, 97
Trd, 000245.375, 98
Trd, 000245.850, 98
Trd, 000246.725, 100
Trd, 000246.800, 102.0
Trd, 000247.600, 99
Trd, 000248.650, 100
Trd, 000250.325, 102
Trd, 000251.125, 107.0
Trd, 000251.375, 109.0
Trd, 000251.600, 102
Trd, 000252.325, 101
Trd, 000253.600, 102.0
Trd, 000254.200, 103
Trd, 000254.300, 107.0
Trd, 000254.325, 113.0
Trd, 000256.725, 102
Trd, 000256.950, 104
Trd, 000257.000, 105
Trd, 000259.150, 107.0
Trd, 000259.500, 106
Trd, 000259.825, 105
Trd, 000260.275, 107.0
Trd, 000260.475, 108.0
Trd, 000260.875, 105
Trd, 000261.025, 110.0
Trd, 000261.050, 113.0
Trd, 000262.725, 102.0
Trd, 000262.875, 101
Trd, 000263.000, 102
Trd, 000264.775, 102
Trd, 000265.325, 97
Trd, 000265.775, 97
Trd, 000266.525, 97
Trd, 000266.675, 99
Trd, 000267.125, 101
Trd, 000268.225, 101
Trd, 000268.375, 92
Trd, 000268.500, 85
Trd, 000268.725, 93
Trd, 000269.325, 106.0
Trd, 000270.975, 93
Trd, 000271.250, 97
Trd, 000271.975, 97
Trd, 000272.775, 102.0
Trd, 000273.350, 98
Trd, 000273.575, 107.0
Trd, 000274.200, 99
Trd, 000274.825, 112.0
Trd, 000275.550, 107.0
Trd, 000277.075, 110
Trd, 000277.125, 109
Trd, 000277.175, 107
Trd, 000278.775, 111.0
Trd, 000279.250, 109
Trd, 000280.400, 106
Trd, 000280.675, 102.0
Trd, 000280.725, 108.0
Trd, 000280.900, 107.0
Trd, 000282.175, 106
Trd, 000282.300, 99
Trd, 000283.900, 105
Trd, 000284.375, 106
Trd, 000285.800, 102
Trd, 000286.350, 104
Trd, 000286.700, 102
Trd, 000287.525, 102.0
Trd, 000288.175, 104
Trd, 000289.350, 103
Trd, 000289.475, 107.0
Trd, 000289.825, 107.0
Trd, 000290.475, 101
Trd, 000290.700, 101.0
Trd, 000290.825, 102.0
Trd, 000292.950, 100
Trd, 000293.175, 101
Trd, 000293.750, 101
Trd, 000294.525, 99
Trd, 000295.150, 98
Trd, 000296.475, 99
Trd, 000297.000, 92.0
Trd, 000297.050, 99
Trd, 000297.575, 95
Trd, 000298.225, 96
Trd, 000299.125, 93
Trd, 000299.475, 94
Trd, 000299.550, 92
Trd, 000299.825, 102.0
Trd, 000300.200, 87
Trd, 000300.425, 88
Trd, 000300.875, 86
Trd, 000301.525, 90
Trd, 000302.425, 107.0
Trd, 000302.900, 99
Trd, 000304.275, 90
Trd, 000305.275, 93
Trd, 000305.725, 94
Trd, 000305.975, 92
Trd, 000306.050, 95
Trd, 000306.725, 95
Trd, 000307.325, 102.0
Trd, 000307.875, 107.0
Trd, 000308.350, 104
Trd, 000308.550, 113.0
Trd, 000308.775, 97
Trd, 000310.450, 102.0
Trd, 000311.625, 100
Trd, 000312.025, 97
Trd, 000312.350, 96
Trd, 000312.900, 98
Trd, 000313.100, 96
Trd, 000313.250, 92.0
Trd, 000313.700, 96
Trd, 000314.250, 97
Trd, 000315.350, 91
Trd, 000315.550, 91
Trd, 000316.025, 97
Trd, 000316.250, 102.0
Trd, 000318.300, 93
Trd, 000319.025, 105.0
Trd, 000319.275, 106.0
Trd, 000320.325, 103
Trd, 000320.625, 104
Trd, 000321.475, 106
Trd, 000321.850, 107.0
Trd, 000322.075, 113.0
Trd, 000322.650, 104
Trd, 000323.350, 105
Trd, 000323.375, 101
Trd, 000324.500, 102.0
Trd, 000324.800, 100
Trd, 000325.625, 101
Trd, 000326.000, 97
Trd, 000326.800, 100
Trd, 000327.325, 100
Trd, 000328.400, 100
Trd, 000328.950, 100
Trd, 000329.375, 104
Trd, 000329.450, 107.0
Trd, 000330.150, 102
Trd, 000330.450, 108
Trd, 000330.525, 100
Trd, 000331.525, 105
Trd, 000332.225, 111.0
Trd, 000332.675, 101
Trd, 000332.950, 103
Trd, 000333.175, 96
Trd, 000334.250, 98
Trd, 000334.750, 96
Trd, 000335.650, 96
Trd, 000335.800, 97
Trd, 000336.925, 98
Trd, 000337.700, 99
Trd, 000338.625, 97
Trd, 000340.625, 96
Trd, 000340.650, 92.0
Trd, 000341.100, 93
Trd, 000341.150, 97
Trd, 000341.325, 98
Trd, 000341.600, 99
Trd, 000342.000, 98
Trd, 000342.600, 101.0
Trd, 000343.050, 99
Trd, 000344.450, 95
Trd, 000346.350, 98
Trd, 000346.700, 98
Trd, 000347.475, 97.0
Trd, 000348.025, 98.0
Trd, 000348.075, 102.0
Trd, 000348.300, 107.0
Trd, 000349.600, 96
Trd, 000349.775, 100
Trd, 000350.475, 98
Trd, 000350.575, 98
Trd, 000351.425, 98
Trd, 000351.700, 102.0
Trd, 000352.700, 109.0
Trd, 000353.025, 112.0
Trd, 000353.800, 100
Trd, 000353.925, 101
Trd, 000354.425, 99
Trd, 000355.125, 103
Trd, 000355.450, 102
Trd, 000355.700, 101.0
Trd, 000356.725, 101
Trd, 000357.450, 100
Trd, 000358.700, 99
Trd, 000358.925, 100
Trd, 000358.950, 99
Trd, 000359.100, 102.0
Trd, 000359.775, 97
Trd, 000360.525, 99
Trd, 000362.375, 98
Trd, 000362.675, 97
Trd, 000363.275, 107.0
Trd, 000363.850, 100
Trd, 000364.800, 101
Trd, 000365.025, 102
Trd, 000365.100, 113.0
Trd, 000365.475, 101.0
Trd, 000366.450, 101
Trd, 000367.400, 101.0
Trd, 000368.050, 100
Trd, 000368.150, 99
Trd, 000368.575, 112.0
Trd, 000369.675, 100.0
Trd, 000369.725, 100
Trd, 000370.125, 100
Trd, 000370.825, 100.0
Trd, 000372.725, 102.0
Trd, 000373.275, 100
Trd, 000374.000, 100
Trd, 000374.425, 102
Trd, 000374.675, 107.0
Trd, 000375.600, 113.0
Trd, 000376.325, 102
Trd, 000376.400, 101
Trd, 000377.000, 101.0
Trd, 000377.650, 100
Trd, 000378.050, 92.0
Trd, 000378.575, 98
Trd, 000378.675, 100
Trd, 000381.000, 93
Trd, 000381.775, 91
Trd, 000382.200, 92
Trd, 000382.325, 92.0
Trd, 000382.775, 92
Trd, 000382.900, 94
Trd, 000383.400, 112.0
Trd, 000384.050, 102.0
Trd, 000384.750, 94
Trd, 000385.225, 92
Trd, 000385.975, 102
Trd, 000386.000, 102
Trd, 000386.250, 113.0
Trd, 000387.575, 100
Trd, 000388.325, 113.0
Trd, 000388.800, 109.0
Trd, 000389.500, 115.0
Trd, 000389.825, 107.0
Trd, 000389.925, 107
Trd, 000392.000, 99
Trd, 000392.425, 102.0
Trd, 000392.450, 103
Trd, 000393.100, 103
Trd, 000393.225, 103
Trd, 000393.725, 104
Trd, 000393.750, 103
Trd, 000394.550, 107.0
Trd, 000394.575, 113.0
Trd, 000395.825, 111
Trd, 000397.600, 104
Trd, 000397.875, 102
Trd, 000398.000, 102
Trd, 000398.150, 106
Trd, 000398.625, 113.0
Trd, 000398.850, 115
Trd, 000399.825, 101.0
Trd, 000400.175, 102.0
Trd, 000400.550, 100
Trd, 000400.625, 102
Trd, 000400.750, 103
Trd, 000401.125, 97
Trd, 000404.450, 101
Trd, 000405.025, 102
Trd, 000405.050, 102
Trd, 000405.425, 101
Trd, 000405.825, 102.0
Trd, 000405.925, 102
Trd, 000406.450, 107.0
Trd, 000406.850, 105
Trd, 000407.025, 100
Trd, 000408.750, 101
Trd, 000409.900, 101
Trd, 000410.000, 100
Trd, 000410.925, 101
Trd, 000412.150, 102.0
Trd, 000412.700, 111.0
Trd, 000413.200, 102
Trd, 000414.325, 104
Trd, 000414.775, 106
Trd, 000415.475, 112.0
Trd, 000416.650, 105
Trd, 000416.825, 102.0
Trd, 000417.025, 101
Trd, 000418.175, 106.0
Trd, 000418.625, 107.0
Trd, 000419.675, 105
Trd, 000420.200, 105
Trd, 000421.500, 104
Trd, 000421.525, 106
Trd, 000421.850, 104
Trd, 000422.725, 104
Trd, 000422.900, 101
Trd, 000423.750, 105
Trd, 000424.225, 102
Trd, 000424.400, 107.0
Trd, 000427.100, 102
Trd, 000427.125, 103
Trd, 000427.425, 102
Trd, 000427.700, 104
Trd, 000428.675, 101.0
Trd, 000429.275, 97
Trd, 000429.825, 100
Trd, 000430.225, 100
Trd, 000430.525, 102.0
Trd, 000430.625, 100
Trd, 000431.050, 107.0
Trd, 000431.275, 97
Trd, 000432.425, 96
Trd, 000433.550, 99
Trd, 000435.050, 90
Trd, 000435.275, 92.0
Trd, 000435.300, 94
Trd, 000435.750, 93
Trd, 000436.050, 86
Trd, 000436.075, 94
Trd, 000436.150, 101.0
Trd, 000437.325, 102.0
Trd, 000438.950, 101
Trd, 000439.350, 100
Trd, 000440.050, 107.0
Trd, 000440.275, 106
Trd, 000440.575, 102
Trd, 000441.750, 111.0
Trd, 000442.300, 110.0
Trd, 000443.225, 112.0
Trd, 000443.575, 107.0
Trd, 000444.550, 103
Trd, 000445.400, 102
Trd, 000445.500, 103
Trd, 000445.700, 101
Trd, 000445.975, 103
Trd, 000446.050, 106.0
Trd, 000446.250, 107.0
Trd, 000446.300, 113.0
Trd, 000449.325, 102
Trd, 000449.550, 103
Trd, 000450.100, 102
Trd, 000450.825, 102
Trd, 000451.225, 101
Trd, 000451.400, 102
Trd, 000451.575, 102
Trd, 000452.450, 107.0
Trd, 000454.425, 113.0
Trd, 000454.875, 104
Trd, 000455.000, 96
Trd, 000455.725, 102
Trd, 000456.075, 104
Trd, 000456.200, 105
Trd, 000456.975, 104
Trd, 000457.900, 105
Trd, 000458.075, 107.0
Trd, 000458.900, 104
Trd, 000459.000, 103
Trd, 000459.550, 102
Trd, 000460.025, 101
Trd, 000461.400, 104
Trd, 000461.800, 104
Trd, 000461.875, 113.0
Trd, 000464.075, 104
Trd, 000465.100, 101
Trd, 000465.975, 100
Trd, 000466.250, 101.0
Trd, 000466.625, 100
Trd, 000467.875, 99
Trd, 000469.275, 103
Trd, 000469.900, 104
Trd, 000470.125, 103
Trd, 000470.275, 104
Trd, 000470.625, 103
Trd, 000470.875, 103
Trd, 000470.975, 105
Trd, 000471.100, 101
Trd, 000471.900, 96
Trd, 000472.400, 102.0
Trd, 000472.600, 94
Trd, 000473.750, 107.0
Trd, 000474.225, 113.0
Trd, 000474.750, 99
Trd, 000475.550, 97
Trd, 000475.725, 107.0
Trd, 000477.025, 99
Trd, 000477.275, 102
Trd, 000477.425, 97
Trd, 000479.050, 99
Trd, 000479.275, 92.0
Trd, 000479.925, 94
Trd, 000480.225, 92
Trd, 000480.250, 95
Trd, 000480.675, 92
Trd, 000482.125, 88
Trd, 000483.125, 102.0
Trd, 000483.150, 107.0
Trd, 000483.350, 93
Trd, 000483.650, 99
Trd, 000485.275, 107.0
Trd, 000485.775, 108.0
Trd, 000486.925, 102.0
Trd, 000487.025, 101
Trd, 000487.100, 102
Trd, 000487.350, 103
Trd, 000488.325, 103
Trd, 000488.550, 101
Trd, 000489.800, 101
Trd, 000490.400, 99
Trd, 000491.000, 98
Trd, 000491.375, 98
Trd, 000491.975, 97
Trd, 000492.025, 96
Trd, 000492.975, 97
Trd, 000493.600, 98
Trd, 000493.625, 107.0
Trd, 000494.100, 118.0
Trd, 000496.850, 102.0
Trd, 000497.100, 103
Trd, 000497.525, 101
Trd, 000497.800, 100
Trd, 000497.975, 97
Trd, 000498.125, 99
Trd, 000499.950, 98
Trd, 000500.425, 99
Trd, 000500.500, 100
Trd, 000501.650, 107.0
Trd, 000502.125, 102
Trd, 000502.500, 102.0
Trd, 000503.725, 103
Trd, 000505.800, 105
Trd, 000505.825, 104
Trd, 000506.150, 102.0
Trd, 000506.475, 105.0
Trd, 000506.525, 96
Trd, 000507.525, 106.0
Trd, 000507.825, 99
Trd, 000508.025, 98
Trd, 000510.125, 101
Trd, 000510.350, 100
Trd, 000510.750, 97
Trd, 000512.075, 100
Trd, 000512.300, 100
Trd, 000512.425, 102.0
Trd, 000513.650, 101
Trd, 000513.825, 98
Trd, 000515.650, 99
Trd, 000516.150, 99
Trd, 000516.725, 98
Trd, 000517.650, 99
Trd, 000518.350, 96
Trd, 000518.575, 98
Trd, 000519.075, 99
Trd, 000519.975, 98
Trd, 000520.425, 102.0
Trd, 000520.625, 107.0
Trd, 000521.125, 99
Trd, 000521.525, 113.0
Trd, 000522.700, 99
Trd, 000523.625, 99
Trd, 000524.125, 101
Trd, 000524.750, 101
Trd, 000525.200, 103
Trd, 000525.725, 107.0
Trd, 000526.350, 102
Trd, 000526.550, 104
Trd, 000526.875, 102
Trd, 000527.750, 103
Trd, 000529.575, 104
Trd, 000529.650, 107.0
Trd, 000530.175, 101
Trd, 000530.450, 96
Trd, 000530.675, 101
Trd, 000530.750, 93.0
Trd, 000531.600, 97
Trd, 000531.750, 93
Trd, 000532.600, 97
Trd, 000532.725, 97
Trd, 000533.250, 98
Trd, 000533.925, 98
Trd, 000535.350, 112.0
Trd, 000535.775, 97
Trd, 000537.225, 98
Trd, 000538.650, 98
Trd, 000539.125, 98
Trd, 000539.150, 99
Trd, 000539.275, 102.0
Trd, 000539.425, 107.0
Trd, 000541.125, 102
Trd, 000542.150, 102
Trd, 000542.225, 102
Trd, 000542.675, 101
Trd, 000543.400, 103
Trd, 000544.075, 104
Trd, 000544.650, 106.0
Trd, 000544.750, 107.0
Trd, 000545.125, 101
Trd, 000546.175, 104
Trd, 000546.650, 100
Trd, 000547.200, 113.0
Trd, 000547.600, 107
Trd, 000548.400, 105.0
Trd, 000549.375, 104
Trd, 000550.400, 102.0
Trd, 000550.825, 100
Trd, 000551.475, 102
Trd, 000552.575, 105.0
Trd, 000552.825, 107.0
Trd, 000553.275, 106
Trd, 000554.125, 103
Trd, 000554.925, 105
Trd, 000556.625, 104
Trd, 000557.125, 103
Trd, 000557.825, 103
Trd, 000558.050, 103
Trd, 000558.350, 102
Trd, 000558.575, 100
Trd, 000559.225, 102.0
Trd, 000559.575, 103
Trd, 000560.225, 100
Trd, 000560.975, 101
Trd, 000561.725, 107.0
Trd, 000561.900, 101
Trd, 000562.725, 101.0
Trd, 000564.100, 101
Trd, 000564.550, 100
Trd, 000564.950, 101
Trd, 000566.375, 101
Trd, 000566.775, 100
Trd, 000567.200, 101
Trd, 000567.350, 99
Trd, 000568.625, 98
Trd, 000568.700, 99.0
Trd, 000569.125, 96
Trd, 000569.775, 105.0
Trd, 000570.200, 101
Trd, 000571.025, 99
Trd, 000571.425, 94.0
Trd, 000571.875, 99
Trd, 000572.675, 107.0
Trd, 000572.900, 113.0
Trd, 000573.550, 119
Trd, 000576.000, 107.0
Trd, 000577.150, 98
Trd, 000577.375, 99.0
Trd, 000577.600, 100
Trd, 000578.175, 99
Trd, 000578.475, 99
Trd, 000579.725, 99
Trd, 000580.075, 99
Trd, 000580.400, 98
Trd, 000580.575, 100
Trd, 000583.125, 97
Trd, 000583.250, 96
Trd, 000583.475, 98
Trd, 000583.850, 98
Trd, 000583.975, 98
Trd, 000584.275, 98
Trd, 000584.575, 102.0
Trd, 000584.625, 99
Trd, 000584.925, 107.0
Trd, 000585.700, 101
Trd, 000588.175, 100
Trd, 000588.250, 101.0
Trd, 000589.150, 102.0
Trd, 000589.300, 101
Trd, 000589.950, 107.0
Trd, 000590.125, 105
Trd, 000590.825, 107.0
Trd, 000591.300, 108
Trd, 000592.750, 108
Trd, 000593.350, 107
Trd, 000593.575, 106
Trd, 000594.100, 105
Trd, 000595.600, 106
Trd, 000596.200, 101
Trd, 000596.850, 104.0
Trd, 000597.750, 100
Trd, 000598.525, 100
Trd, 000598.725, 103
Trd, 000598.925, 103
Trd, 000599.100, 107.0
Trd, 000600.250, 103
Trd, 000600.325, 104
Trd, 000600.850, 102.0
Trd, 000601.475, 113.0
Trd, 000601.600, 101
Trd, 000602.075, 106
Trd, 000602.250, 105
Trd, 000604.950, 100
Trd, 000605.025, 102.0
Trd, 000605.925, 100
Trd, 000606.250, 101
Trd, 000607.175, 101
Trd, 000607.225, 102.0
Trd, 000608.500, 101
Trd, 000609.725, 101
Trd, 000609.850, 101
Trd, 000610.275, 100
Trd, 000611.850, 99
Trd, 000612.150, 99
Trd, 000613.400, 99
Trd, 000614.125, 99
Trd, 000614.625, 100
Trd, 000615.025, 100.0
Trd, 000616.175, 99
Trd, 000616.775, 98
Trd, 000617.275, 98
Trd, 000617.475, 99.0
Trd, 000618.000, 98
Trd, 000619.250, 98
Trd, 000619.575, 96
Trd, 000619.650, 96
Trd, 000619.675, 113.0
Trd, 000620.375, 100
Trd, 000620.775, 105.0
Trd, 000621.900, 96
Trd, 000622.850, 97.0
Trd, 000624.150, 98
Trd, 000624.625, 99
Trd, 000625.000, 98
Trd, 000625.400, 98
Trd, 000626.700, 96
Trd, 000627.000, 99.0
Trd, 000627.100, 101.0
Trd, 000627.575, 98
Trd, 000627.700, 97
Trd, 000628.225, 98
Trd, 000628.775, 98
Trd, 000629.225, 102.0
Trd, 000630.225, 96
Trd, 000632.175, 112.0
Trd, 000633.550, 108
Trd, 000633.575, 107
Trd, 000633.825, 106
Trd, 000634.375, 105
Trd, 000634.700, 101
Trd, 000634.750, 106
Trd, 000635.200, 110.0
Trd, 000635.300, 123.0
Trd, 000635.950, 110
Trd, 000636.050, 98
Trd, 000637.900, 118.0
Trd, 000638.625, 113.0
Trd, 000639.600, 106
Trd, 000639.625, 104
Trd, 000639.925, 106
Trd, 000641.150, 103
Trd, 000641.175, 106.0
Trd, 000641.225, 102.0
Trd, 000642.925, 100
Trd, 000643.625, 103
Trd, 000644.075, 104
Trd, 000644.350, 107.0
Trd, 000645.625, 103
Trd, 000645.850, 103
Trd, 000646.075, 104
Trd, 000646.800, 105
Trd, 000647.875, 104
Trd, 000648.400, 104
Trd, 000649.100, 102
Trd, 000650.075, 103.0
Trd, 000650.250, 102
Trd, 000650.925, 102
Trd, 000651.125, 95
Trd, 000651.200, 103
Trd, 000652.675, 100
Trd, 000653.950, 102
Trd, 000654.350, 100
Trd, 000654.600, 100.0
Trd, 000654.625, 102.0
Trd, 000655.000, 99
Trd, 000655.800, 102
Trd, 000656.050, 102
Trd, 000656.400, 100
Trd, 000656.600, 100
Trd, 000657.225, 97
Trd, 000657.950, 98
Trd, 000658.675, 98
Trd, 000658.800, 98
Trd, 000660.175, 98
Trd, 000660.225, 102.0
Trd, 000661.300, 97
Trd, 000661.500, 96
Trd, 000662.125, 102.0
Trd, 000662.675, 104
Trd, 000663.750, 107.0
Trd, 000664.150, 102
Trd, 000664.700, 102
Trd, 000664.800, 102
Trd, 000665.550, 112.0
Trd, 000666.500, 99
Trd, 000666.550, 102
Trd, 000668.000, 107.0
Trd, 000668.400, 106.0
Trd, 000668.475, 98
Trd, 000669.675, 105
Trd, 000671.150, 102
Trd, 000671.925, 101
Trd, 000672.500, 101
Trd, 000672.825, 102.0
Trd, 000672.925, 102
Trd, 000673.125, 106.0
Trd, 000674.025, 103
Trd, 000674.175, 100
Trd, 000674.625, 99
Trd, 000674.875, 96
Trd, 000674.925, 102.0
Trd, 000675.725, 102
Trd, 000676.275, 92.0
Trd, 000678.025, 99
Trd, 000678.125, 98
Trd, 000678.225, 99
Trd, 000678.425, 103
Trd, 000680.275, 100
Trd, 000680.675, 97
Trd, 000681.425, 97
Trd, 000681.550, 97
Trd, 000681.625, 98
Trd, 000682.925, 107.0
Trd, 000683.500, 102.0
Trd, 000683.900, 96
Trd, 000684.300, 107
Trd, 000685.675, 98
Trd, 000685.750, 100
Trd, 000686.175, 106
Trd, 000687.000, 102
Trd, 000687.375, 107.0
Trd, 000688.175, 104
Trd, 000688.250, 107.0
Trd, 000689.025, 107.0
Trd, 000690.525, 106
Trd, 000690.625, 105
Trd, 000691.150, 103
Trd, 000692.325, 102
Trd, 000692.875, 101
Trd, 000694.275, 100
Trd, 000694.350, 100
Trd, 000695.250, 100
Trd, 000695.325, 101
Trd, 000695.525, 100
Trd, 000695.650, 101
Trd, 000696.000, 101.0
Trd, 000696.650, 102.0
Trd, 000697.250, 107.0
Trd, 000697.850, 113.0
Trd, 000699.475, 105
Trd, 000700.325, 105
Trd, 000700.475, 104
Trd, 000700.625, 107
Trd, 000701.375, 103
Trd, 000701.500, 113.0
Trd, 000704.700, 107.0
Trd, 000705.600, 106
Trd, 000705.800, 105
Trd, 000706.225, 107
Trd, 000706.250, 103
Trd, 000706.325, 107
Trd, 000706.925, 102
Trd, 000707.600, 103
Trd, 000707.675, 102.0
Trd, 000707.875, 101
Trd, 000707.975, 103
Trd, 000708.600, 104
Trd, 000709.025, 107.0
Trd, 000709.700, 106
Trd, 000711.275, 104
Trd, 000711.550, 104
Trd, 000712.175, 103
Trd, 000712.950, 100
Trd, 000713.250, 101
Trd, 000713.325, 113.0
Trd, 000713.850, 96
Trd, 000714.700, 106
Trd, 000715.750, 118.0
Trd, 000716.450, 98
Trd, 000716.950, 101
Trd, 000717.600, 99
Trd, 000718.000, 99
Trd, 000718.275, 100
Trd, 000718.625, 102.0
Trd, 000718.750, 107.0
Trd, 000718.775, 99
Trd, 000719.525, 97
Trd, 000720.400, 101
Trd, 000721.450, 98
Trd, 000722.325, 98
Trd, 000722.750, 98
Trd, 000723.375, 97
Trd, 000723.475, 98
Trd, 000723.825, 102.0
Trd, 000724.625, 96
Trd, 000725.450, 98
Trd, 000725.600, 99
Trd, 000725.700, 107.0
Trd, 000727.175, 100
Trd, 000727.300, 99
Trd, 000728.050, 100
Trd, 000728.375, 101.0
Trd, 000729.425, 101.0
Trd, 000730.450, 100
Trd, 000731.575, 102
Trd, 000731.675, 98
Trd, 000733.025, 99
Trd, 000733.500, 97
Trd, 000733.875, 96
Trd, 000734.900, 99
Trd, 000735.775, 96
Trd, 000736.100, 95
Trd, 000736.650, 97
Trd, 000736.750, 99
Trd, 000737.100, 102.0
Trd, 000737.575, 107.0
Trd, 000737.975, 101
Trd, 000738.275, 113.0
Trd, 000739.750, 105
Trd, 000740.525, 102
Trd, 000740.875, 100
Trd, 000741.125, 102
Trd, 000741.400, 101
Trd, 000742.125, 102
Trd, 000742.875, 101
Trd, 000743.050, 100
Trd, 000744.800, 100.0
Trd, 000745.200, 100
Trd, 000745.875, 99
Trd, 000746.275, 100
Trd, 000746.800, 98
Trd, 000747.775, 98
Trd, 000748.225, 98
Trd, 000748.775, 99
Trd, 000749.225, 97
Trd, 000749.975, 96
Trd, 000750.125, 98
Trd, 000750.450, 102.0
Trd, 000750.650, 99
Trd, 000751.050, 96
Trd, 000753.075, 96
Trd, 000753.350, 97
Trd, 000753.375, 98
Trd, 000753.925, 102.0
Trd, 000754.100, 107.0
Trd, 000754.625, 99
Trd, 000755.250, 101
Trd, 000755.700, 104
Trd, 000756.325, 101
Trd, 000756.575, 100
Trd, 000758.650, 97
Trd, 000759.600, 96
Trd, 000760.225, 94
Trd, 000760.525, 93.0
Trd, 000760.900, 94
Trd, 000761.175, 94
Trd, 000761.625, 94
Trd, 000761.925, 96
Trd, 000761.975, 107.0
Trd, 000762.525, 94
Trd, 000762.550, 113.0
Trd, 000762.700, 92.0
Trd, 000763.050, 100
Trd, 000763.650, 99
Trd, 000763.875, 102.0
Trd, 000764.200, 113.0
Trd, 000765.350, 99
Trd, 000766.600, 95
Trd, 000768.900, 98
Trd, 000769.425, 98
Trd, 000769.475, 99
Trd, 000770.875, 98
Trd, 000771.075, 100.0
Trd, 000771.200, 98
Trd, 000772.025, 97
Trd, 000772.750, 98
Trd, 000773.000, 102.0
Trd, 000773.100, 112.0
Trd, 000773.575, 102.0
Trd, 000774.725, 110.0
Trd, 000774.950, 108
Trd, 000774.975, 101
Trd, 000775.675, 100
Trd, 000775.725, 101
Trd, 000776.650, 99
Trd, 000777.075, 101
Trd, 000777.275, 99
Trd, 000777.900, 122.0
Trd, 000778.700, 108
Trd, 000779.450, 97
Trd, 000779.550, 113.0
Trd, 000780.325, 105
Trd, 000780.350, 106
Trd, 000781.950, 102.0
Trd, 000782.100, 100
Trd, 000783.550, 102
Trd, 000784.725, 101.0
Trd, 000784.750, 99
Trd, 000785.800, 99
Trd, 000786.400, 100
Trd, 000786.550, 102.0
Trd, 000786.925, 100
Trd, 000787.400, 99
Trd, 000788.425, 107.0
Trd, 000788.850, 100
Trd, 000789.225, 99
Trd, 000789.500, 113.0
Trd, 000790.125, 101
Trd, 000790.925, 102
Trd, 000791.550, 99
Trd, 000791.650, 98
Trd, 000791.950, 100.0
Trd, 000793.075, 99
Trd, 000793.700, 98
Trd, 000793.750, 102.0
Trd, 000793.825, 107.0
Trd, 000793.850, 97
Trd, 000793.950, 113.0
Trd, 000794.050, 118.0
Trd, 000796.400, 98
Trd, 000796.750, 97
Trd, 000796.900, 98
Trd, 000797.450, 96
Trd, 000798.525, 99
Trd, 000798.575, 100
Trd, 000800.125, 98
Trd, 000800.850, 97
Trd, 000800.875, 98
Trd, 000802.000, 97
Trd, 000802.225, 96
Trd, 000802.525, 97
Trd, 000802.775, 95
Trd, 000804.875, 98
Trd, 000805.225, 98
Trd, 000805.950, 97
Trd, 000806.200, 102.0
Trd, 000806.375, 106.0
Trd, 000806.950, 98
Trd, 000808.225, 100.0
Trd, 000808.600, 101.0
Trd, 000810.050, 102.0
Trd, 000810.675, 102
Trd, 000810.700, 106
Trd, 000811.325, 102
Trd, 000811.600, 101
Trd, 000812.275, 102
Trd, 000812.400, 100
Trd, 000814.775, 100
Trd, 000815.300, 99
Trd, 000816.575, 98
Trd, 000816.950, 98
Trd, 000817.200, 98
Trd, 000817.425, 99
Trd, 000817.650, 100
Trd, 000817.925, 107.0
Trd, 000818.100, 95
Trd, 000819.000, 113.0
Trd, 000819.025, 123.0
Trd, 000819.375, 118.0
Trd, 000819.700, 117
Trd, 000819.950, 113.0
Trd, 000820.525, 104
Trd, 000821.575, 104
Trd, 000822.375, 102
Trd, 000822.975, 107.0
Trd, 000823.925, 104
Trd, 000824.225, 105
Trd, 000824.550, 104
Trd, 000825.850, 106
Trd, 000826.275, 101
Trd, 000827.700, 101
Trd, 000828.500, 101
Trd, 000828.550, 97
Trd, 000830.125, 99
Trd, 000830.250, 100
Trd, 000831.000, 97
Trd, 000831.175, 100
Trd, 000832.000, 99
Trd, 000833.425, 102.0
Trd, 000834.600, 101
Trd, 000835.700, 106
Trd, 000836.375, 107.0
Trd, 000836.625, 107.0
Trd, 000836.725, 104
Trd, 000837.125, 103
Trd, 000837.325, 104
Trd, 000839.175, 103
Trd, 000840.175, 102
Trd, 000840.325, 102.0
Trd, 000840.525, 102
Trd, 000840.675, 107.0
Trd, 000841.350, 101
Trd, 000841.900, 107
Trd, 000842.075, 112.0
Trd, 000843.200, 107.0
Trd, 000843.225, 99
Trd, 000845.225, 102.0
Trd, 000845.700, 101
Trd, 000845.925, 102
Trd, 000846.200, 103
Trd, 000846.550, 102
Trd, 000846.775, 103
Trd, 000847.350, 107.0
Trd, 000848.650, 102
Trd, 000849.050, 101
Trd, 000849.350, 102.0
Trd, 000849.450, 101
Trd, 000849.725, 97
Trd, 000850.075, 102
Trd, 000850.350, 118.0
Trd, 000851.675, 100
Trd, 000852.300, 105
Trd, 000854.100, 107.0
Trd, 000854.575, 98
Trd, 000854.800, 103
Trd, 000855.775, 103
Trd, 000856.650, 102.0
Trd, 000857.475, 101
Trd, 000857.875, 100
Trd, 000859.200, 100
Trd, 000860.700, 99
Trd, 000861.175, 97
Trd, 000861.350, 99
Trd, 000861.875, 97
Trd, 000862.325, 97
Trd, 000862.650, 99
Trd, 000862.675, 100
