Trd, 000002.440, 65.01
Trd, 000003.380, 104.0
Trd, 000003.800, 104.0
Trd, 000004.160, 105.99
Trd, 000004.680, 108.0
Trd, 000004.780, 116.0
Trd, 000005.060, 103.99
Trd, 000005.140, 114
Trd, 000005.360, 98
Trd, 000005.760, 96
Trd, 000006.280, 95
Trd, 000007.060, 95.0
Trd, 000007.120, 100.0
Trd, 000007.400, 100.99
Trd, 000008.060, 108.0
Trd, 000008.620, 114
Trd, 000008.860, 115.99
Trd, 000009.620, 113.99
Trd, 000010.040, 111
Trd, 000010.640, 104.0
Trd, 000010.900, 100.01
Trd, 000011.380, 100
Trd, 000011.560, 98.01
Trd, 000012.880, 98
Trd, 000013.120, 98.0
Trd, 000013.380, 91.0
Trd, 000013.500, 87.01
Trd, 000013.620, 90
Trd, 000014.360, 87.01
Trd, 000014.920, 91.0
Trd, 000015.200, 91
Trd, 000016.720, 90.99
Trd, 000016.780, 91.0
Trd, 000017.480, 91.0
Trd, 000017.500, 100.0
Trd, 000017.860, 104.0
Trd, 000018.660, 105.0
Trd, 000019.160, 107.99
Trd, 000019.360, 104
Trd, 000019.560, 104.01
Trd, 000020.160, 106.99
Trd, 000020.480, 104.0
Trd, 000020.620, 99.01
Trd, 000021.120, 107.99
Trd, 000021.240, 100
Trd, 000021.460, 99
Trd, 000022.920, 100.01
Trd, 000022.940, 103
Trd, 000023.560, 100.0
Trd, 000023.580, 100.01
Trd, 000023.640, 99
Trd, 000024.560, 97
Trd, 000025.480, 111
Trd, 000025.860, 107.99
Trd, 000026.780, 91.01
Trd, 000026.900, 100.0
Trd, 000027.000, 97
Trd, 000028.340, 111.99
Trd, 000028.500, 104.0
Trd, 000029.760, 115.99
Trd, 000030.340, 112.0
Trd, 000030.440, 112.01
Trd, 000030.480, 112
Trd, 000030.780, 97
Trd, 000031.300, 105.01
Trd, 000031.700, 106.0
Trd, 000032.260, 105.0
Trd, 000032.580, 104.0
Trd, 000032.600, 106.01
Trd, 000032.940, 91.0
Trd, 000033.500, 87.01
Trd, 000034.800, 87.01
Trd, 000035.020, 91.0
Trd, 000035.100, 91
Trd, 000035.760, 107.99
Trd, 000036.060, 107.0
Trd, 000036.380, 107.99
Trd, 000036.460, 108.0
Trd, 000036.880, 112
Trd, 000037.760, 111.99
Trd, 000038.260, 116.0
Trd, 000038.300, 114.0
Trd, 000038.460, 113
Trd, 000038.800, 106
Trd, 000039.520, 109
Trd, 000040.080, 87.01
Trd, 000040.320, 90.99
Trd, 000040.340, 91.0
Trd, 000040.720, 104.0
Trd, 000041.280, 91.0
Trd, 000041.620, 87.01
Trd, 000041.860, 87.01
Trd, 000042.240, 98.99
Trd, 000042.360, 91.01
Trd, 000042.700, 99
Trd, 000042.860, 98.99
Trd, 000044.860, 96.01
Trd, 000044.880, 96
Trd, 000044.940, 96
Trd, 000045.320, 100.0
Trd, 000047.300, 103.99
Trd, 000048.400, 99.01
Trd, 000048.600, 99
Trd, 000048.760, 103.0
Trd, 000048.920, 102.99
Trd, 000048.940, 91.0
Trd, 000049.160, 104.0
Trd, 000049.480, 86
Trd, 000050.520, 104.0
Trd, 000050.980, 110.19999999999999
Trd, 000051.280, 106.01
Trd, 000052.200, 107
Trd, 000052.500, 107
Trd, 000053.020, 107
Trd, 000053.420, 110.99
Trd, 000053.440, 111
Trd, 000054.040, 111.99
Trd, 000054.340, 108.01
Trd, 000054.980, 108.01
Trd, 000056.420, 109.01
Trd, 000056.740, 109.99
Trd, 000057.580, 109
Trd, 000057.660, 110
Trd, 000057.680, 109.99
Trd, 000058.480, 108
Trd, 000059.760, 104.0
Trd, 000059.800, 104.01
Trd, 000059.980, 99
Trd, 000060.400, 91.01
Trd, 000061.280, 93.01
Trd, 000061.300, 97
Trd, 000062.300, 93.01
Trd, 000062.780, 93
Trd, 000063.540, 94.99
Trd, 000064.400, 94
Trd, 000065.200, 99.0
Trd, 000065.280, 100.0
Trd, 000065.560, 99.0
Trd, 000065.700, 99.99
Trd, 000066.280, 107.99
Trd, 000066.560, 107.99
Trd, 000066.720, 108.0
Trd, 000067.100, 104.0
Trd, 000068.120, 104
Trd, 000068.600, 104.0
Trd, 000068.960, 103.01
Trd, 000069.360, 103
Trd, 000070.180, 103
Trd, 000070.580, 99
Trd, 000070.920, 99.01
Trd, 000071.000, 100
Trd, 000072.120, 102.0
Trd, 000072.680, 102
Trd, 000073.560, 101.99
Trd, 000073.660, 102
Trd, 000074.320, 99.0
Trd, 000074.780, 99.01
Trd, 000075.640, 99.01
Trd, 000075.720, 102
Trd, 000075.840, 99
Trd, 000077.100, 91.01
Trd, 000077.560, 99.01
Trd, 000078.200, 99.0
Trd, 000078.540, 99.99
Trd, 000078.700, 100.0
Trd, 000078.780, 98
Trd, 000079.260, 98.01
Trd, 000079.840, 98
Trd, 000080.140, 97.01
Trd, 000081.380, 103.99
Trd, 000081.540, 104.0
Trd, 000081.740, 99
Trd, 000082.140, 97.01
Trd, 000082.260, 99
Trd, 000082.340, 98
Trd, 000082.960, 104.0
Trd, 000084.140, 107.99
Trd, 000084.300, 105
Trd, 000084.320, 112
Trd, 000085.240, 104.0
Trd, 000085.540, 103.99
Trd, 000085.920, 91.01
Trd, 000086.280, 96
Trd, 000087.120, 108.0
Trd, 000087.580, 107.99
Trd, 000088.280, 100
Trd, 000088.580, 91.01
Trd, 000088.700, 91.0
Trd, 000088.940, 102.99
Trd, 000089.560, 87.0
Trd, 000089.600, 87.01
Trd, 000090.240, 91
Trd, 000090.360, 95
Trd, 000091.880, 95.0
Trd, 000092.320, 97
Trd, 000092.400, 96.99
Trd, 000092.740, 100.0
Trd, 000092.920, 112
Trd, 000093.260, 110.19999999999999
Trd, 000093.940, 107.01
Trd, 000094.240, 107
Trd, 000094.300, 102
Trd, 000094.680, 97.75075
Trd, 000096.560, 102
Trd, 000097.060, 100
Trd, 000097.200, 99
Trd, 000097.300, 104.0
Trd, 000097.980, 104.0
Trd, 000099.740, 99.01
Trd, 000100.020, 101.99
Trd, 000100.660, 101
Trd, 000101.540, 100
Trd, 000101.700, 100
Trd, 000102.700, 99.01
Trd, 000103.220, 99.01
Trd, 000103.300, 100.0
Trd, 000103.320, 99.0
Trd, 000103.400, 99
Trd, 000103.500, 100.01
Trd, 000103.800, 112
Trd, 000103.980, 114.0
Trd, 000105.040, 113.0
Trd, 000105.200, 112.99
Trd, 000105.600, 104.0
Trd, 000106.760, 119.0
Trd, 000107.720, 113.99
Trd, 000107.980, 108
Trd, 000109.720, 109
Trd, 000110.020, 108.01
Trd, 000110.120, 111.99
Trd, 000111.020, 111
Trd, 000111.120, 110.99
Trd, 000111.420, 99.01
Trd, 000111.860, 107
Trd, 000112.520, 104.01
Trd, 000112.600, 104.0
Trd, 000113.560, 100
Trd, 000113.800, 107.99
Trd, 000114.260, 108.0
Trd, 000115.020, 109
Trd, 000115.680, 105
Trd, 000116.000, 99.01
Trd, 000116.260, 104.0
Trd, 000116.500, 103
Trd, 000117.380, 99.01
Trd, 000118.160, 98.01
Trd, 000118.800, 99.01
Trd, 000118.820, 99.0
Trd, 000118.980, 98
Trd, 000119.340, 91.01
Trd, 000119.700, 104
Trd, 000120.520, 104.0
Trd, 000120.780, 95.01
Trd, 000121.420, 91.01
Trd, 000122.500, 107.99
Trd, 000122.960, 108.0
Trd, 000123.220, 112
Trd, 000123.440, 107.99
Trd, 000124.660, 106.01
Trd, 000125.220, 106
Trd, 000125.900, 104
Trd, 000126.160, 105.0
Trd, 000126.360, 105.01
Trd, 000126.500, 105.0
Trd, 000127.260, 106.99
Trd, 000127.400, 104.0
Trd, 000128.360, 99.01
Trd, 000128.480, 104
Trd, 000128.800, 87.0
Trd, 000129.100, 94.01
Trd, 000129.480, 94
Trd, 000129.740, 94.01
Trd, 000131.000, 98.99
Trd, 000131.460, 99
Trd, 000131.500, 98.99
Trd, 000131.520, 94
Trd, 000132.140, 99
Trd, 000133.400, 99.99
Trd, 000134.200, 99.99
Trd, 000134.300, 98
Trd, 000135.680, 98.01
Trd, 000136.240, 98
Trd, 000136.900, 98.01
Trd, 000136.940, 99
Trd, 000137.180, 99
Trd, 000138.100, 100.99
Trd, 000138.300, 98.99
Trd, 000138.540, 98.01
Trd, 000139.220, 100.99
Trd, 000139.640, 98
Trd, 000139.840, 98.01
Trd, 000139.920, 98.01
Trd, 000140.200, 98
Trd, 000140.440, 97.01
Trd, 000141.380, 98.01
Trd, 000141.760, 111.99
Trd, 000142.360, 103
Trd, 000142.660, 102
Trd, 000143.360, 101.0
Trd, 000143.580, 92.0
Trd, 000143.840, 104.0
Trd, 000144.340, 87.01
Trd, 000145.420, 107.99
Trd, 000146.280, 102
Trd, 000146.840, 101
Trd, 000147.120, 101.0
Trd, 000147.820, 101
Trd, 000148.300, 101.01
Trd, 000148.900, 107.99
Trd, 000149.000, 104
Trd, 000149.380, 102
Trd, 000149.980, 104.0
Trd, 000151.080, 97.01
Trd, 000151.280, 104.99
Trd, 000151.980, 97
Trd, 000152.340, 96.01
Trd, 000152.780, 91.0
Trd, 000153.080, 87.01
Trd, 000153.640, 91
Trd, 000153.760, 107.99
Trd, 000154.400, 112.99
Trd, 000154.740, 114.0
Trd, 000155.300, 111.99
Trd, 000155.680, 108
Trd, 000156.100, 100.01
Trd, 000156.280, 112.0
Trd, 000157.000, 112.99
Trd, 000157.200, 112.0
Trd, 000158.120, 115.99
Trd, 000158.300, 114
Trd, 000159.000, 99.01
Trd, 000159.120, 103
Trd, 000159.240, 103.01
Trd, 000159.640, 103
Trd, 000159.680, 99.0
Trd, 000161.200, 99
Trd, 000161.780, 100.01
Trd, 000161.980, 101
Trd, 000162.940, 103.0
Trd, 000163.160, 102
Trd, 000163.460, 102
Trd, 000164.400, 102.99
Trd, 000165.440, 102.99
Trd, 000165.980, 103.01
Trd, 000166.120, 103
Trd, 000166.540, 102
Trd, 000167.240, 101.01
Trd, 000167.600, 103.0
Trd, 000168.560, 101
Trd, 000168.880, 91.01
Trd, 000169.480, 91.01
Trd, 000169.560, 94
Trd, 000170.200, 91.0
Trd, 000170.660, 91.01
Trd, 000170.900, 91.0
Trd, 000171.080, 79.0
Trd, 000171.180, 83.0
Trd, 000171.520, 100.0
Trd, 000172.880, 103.99
Trd, 000173.300, 104.0
Trd, 000173.740, 107.99
Trd, 000174.740, 107.99
Trd, 000175.260, 105.01
Trd, 000175.520, 107.0
Trd, 000176.620, 106
Trd, 000177.060, 106
Trd, 000177.140, 105
Trd, 000177.340, 99.01
Trd, 000178.280, 112
Trd, 000178.460, 107.99
Trd, 000178.520, 106.99
Trd, 000178.980, 132.99
Trd, 000179.920, 110.19999999999999
Trd, 000180.080, 104.01
Trd, 000181.180, 105.01
Trd, 000181.300, 106
Trd, 000181.460, 104.0
Trd, 000182.200, 104.0
Trd, 000182.760, 99
Trd, 000182.940, 99.01
Trd, 000183.020, 108.0
Trd, 000183.260, 83.01
Trd, 000183.320, 113
Trd, 000183.780, 109.99
Trd, 000184.180, 113
Trd, 000184.460, 118.99
Trd, 000185.120, 116.0
Trd, 000185.220, 119.99
Trd, 000185.960, 112.99
Trd, 000186.200, 112
Trd, 000186.220, 112.01
Trd, 000186.780, 105.0
Trd, 000187.120, 117.0
Trd, 000187.760, 112
Trd, 000189.620, 112.0
Trd, 000189.920, 111
Trd, 000189.960, 97
Trd, 000190.440, 110.19999999999999
Trd, 000190.940, 91.0
Trd, 000191.200, 91.01
Trd, 000191.720, 87.01
Trd, 000192.800, 104.0
Trd, 000192.940, 99
Trd, 000193.120, 99.99
Trd, 000193.420, 104.01
Trd, 000193.740, 108.01
Trd, 000193.880, 108.0
Trd, 000194.580, 104.01
Trd, 000194.680, 104.0
Trd, 000195.320, 99.01
Trd, 000195.860, 102.99
Trd, 000196.380, 107.99
Trd, 000197.100, 104.0
Trd, 000198.060, 111.99
Trd, 000198.540, 108
Trd, 000198.880, 111.99
Trd, 000199.320, 108.01
Trd, 000200.240, 108
Trd, 000200.400, 109
Trd, 000200.760, 111.99
Trd, 000201.060, 111
Trd, 000201.920, 108
Trd, 000202.520, 104.01
Trd, 000203.560, 105.99
Trd, 000203.760, 106
Trd, 000204.040, 105.99
Trd, 000204.440, 106.0
Trd, 000204.700, 107.99
Trd, 000205.000, 108.0
Trd, 000205.680, 106
Trd, 000205.860, 105.01
Trd, 000206.740, 105
Trd, 000207.800, 104.0
Trd, 000208.460, 103.99
Trd, 000208.680, 105
Trd, 000209.180, 104.01
Trd, 000209.520, 107.99
Trd, 000209.700, 106
Trd, 000210.300, 99
Trd, 000210.820, 99.01
Trd, 000211.240, 100.0
Trd, 000211.460, 99.0
Trd, 000212.020, 93.01
Trd, 000212.360, 91.01
Trd, 000212.640, 99.01
Trd, 000212.980, 99.0
Trd, 000214.840, 102.99
Trd, 000215.360, 99.01
Trd, 000215.380, 108.0
Trd, 000215.620, 99
Trd, 000216.480, 102
Trd, 000216.500, 100
Trd, 000217.320, 103.0
Trd, 000218.000, 101
Trd, 000218.960, 101.01
Trd, 000219.700, 100
Trd, 000220.140, 101
Trd, 000221.220, 104.0
Trd, 000221.820, 106.99
Trd, 000221.960, 105.01
Trd, 000222.180, 105
Trd, 000222.920, 105
Trd, 000223.280, 105.0
Trd, 000223.840, 105.0
Trd, 000224.020, 105.01
Trd, 000224.160, 103
Trd, 000224.240, 91.0
Trd, 000224.400, 105
Trd, 000225.300, 107.99
Trd, 000226.000, 107.99
Trd, 000226.040, 107.0
Trd, 000226.220, 106
Trd, 000226.480, 108.0
Trd, 000226.820, 107.99
Trd, 000228.580, 115.99
Trd, 000228.720, 111
Trd, 000229.400, 104.01
Trd, 000229.820, 104.01
Trd, 000230.400, 99
Trd, 000230.780, 99.01
Trd, 000230.960, 100.0
Trd, 000231.360, 100.0
Trd, 000231.900, 106.99
Trd, 000232.320, 106.99
Trd, 000232.340, 104.0
Trd, 000232.640, 104
Trd, 000232.720, 112.99
Trd, 000233.300, 91.01
Trd, 000233.380, 91.0
Trd, 000233.720, 87.01
Trd, 000234.060, 91.0
Trd, 000234.160, 109.99
Trd, 000236.140, 90.01
Trd, 000236.880, 104.0
Trd, 000237.220, 107.99
Trd, 000237.680, 108.0
Trd, 000238.160, 113
Trd, 000239.100, 112.99
Trd, 000239.280, 107.01
Trd, 000239.680, 107
Trd, 000239.880, 119.69999999999999
Trd, 000239.900, 99
Trd, 000239.920, 98
Trd, 000240.480, 91.01
Trd, 000241.680, 100.0
Trd, 000241.720, 99.99
Trd, 000242.580, 99.01
Trd, 000242.640, 100
Trd, 000243.160, 99
Trd, 000243.460, 103.0
Trd, 000244.200, 98.01
Trd, 000245.820, 100.0
Trd, 000246.300, 103.99
Trd, 000247.400, 104.0
Trd, 000247.420, 108.0
Trd, 000248.020, 115.99
Trd, 000248.160, 103.99
Trd, 000249.000, 103.01
Trd, 000249.140, 103.99
Trd, 000249.320, 103
Trd, 000249.780, 99.01
Trd, 000250.120, 100.0
Trd, 000250.180, 104.0
Trd, 000251.100, 103
Trd, 000251.220, 102.99
Trd, 000251.560, 104.0
Trd, 000251.580, 106
Trd, 000252.440, 114.99
Trd, 000252.520, 107.99
Trd, 000253.320, 109.01
Trd, 000253.480, 109
Trd, 000253.800, 108
Trd, 000255.540, 108
Trd, 000255.800, 107
Trd, 000256.600, 107
Trd, 000257.000, 107.0
Trd, 000257.380, 104.0
Trd, 000258.340, 104.01
Trd, 000258.940, 105.99
Trd, 000260.340, 104
Trd, 000260.460, 104.0
Trd, 000260.780, 104
Trd, 000261.000, 104.01
Trd, 000261.420, 99.01
Trd, 000262.080, 99
Trd, 000262.360, 100
Trd, 000262.440, 101
Trd, 000262.460, 101
Trd, 000264.960, 100.0
Trd, 000265.220, 99.99
Trd, 000265.380, 99
Trd, 000265.500, 99.01
Trd, 000266.780, 100
Trd, 000266.800, 102
Trd, 000268.420, 103.99
Trd, 000268.820, 104.0
Trd, 000269.020, 104.0
Trd, 000269.220, 111.99
Trd, 000269.700, 109
Trd, 000270.780, 107
Trd, 000271.420, 107.99
Trd, 000271.480, 108
Trd, 000271.820, 107.69999999999999
Trd, 000272.100, 108
Trd, 000272.240, 107
Trd, 000272.940, 102.01
Trd, 000273.340, 105.99
Trd, 000273.580, 102.01
Trd, 000273.780, 106
Trd, 000274.500, 102.01
Trd, 000275.100, 99.01
Trd, 000275.440, 109.99
Trd, 000275.660, 99
Trd, 000276.320, 91.0
Trd, 000276.660, 105.99
Trd, 000277.000, 91.0
Trd, 000277.960, 105.99
Trd, 000278.260, 100
Trd, 000278.600, 100
Trd, 000278.740, 100.01
Trd, 000279.020, 104
Trd, 000279.400, 104.99
Trd, 000279.980, 88.01
Trd, 000280.300, 104.0
Trd, 000281.320, 97.99
Trd, 000281.800, 97
Trd, 000282.720, 107.99
Trd, 000283.020, 98
Trd, 000283.360, 99
Trd, 000283.720, 98
Trd, 000283.820, 99
Trd, 000284.360, 104.0
Trd, 000284.920, 105.0
Trd, 000285.320, 107.0
Trd, 000285.640, 107.99
Trd, 000287.100, 107.0
Trd, 000288.100, 106.99
Trd, 000288.560, 106
Trd, 000288.860, 108.0
Trd, 000289.280, 105.99
Trd, 000289.300, 103
Trd, 000290.320, 100
Trd, 000290.640, 99
Trd, 000290.820, 91.01
Trd, 000291.920, 101.01
Trd, 000292.400, 104.0
Trd, 000293.020, 106.99
Trd, 000294.000, 106.0
Trd, 000294.340, 108.0
Trd, 000294.420, 105
Trd, 000294.980, 103.01
Trd, 000295.140, 112
Trd, 000295.580, 115.99
Trd, 000295.820, 108
Trd, 000295.920, 107
Trd, 000296.160, 103.01
Trd, 000296.400, 99
Trd, 000296.780, 104
Trd, 000297.440, 107.0
Trd, 000297.520, 106.99
Trd, 000298.300, 106
Trd, 000298.340, 105
Trd, 000298.660, 91.01
Trd, 000299.560, 92.86371249999999
Trd, 000300.760, 96.99
Trd, 000301.020, 91.0
Trd, 000301.360, 97
Trd, 000301.540, 96.99
Trd, 000302.080, 92.01
Trd, 000302.100, 100.0
Trd, 000303.120, 104.0
Trd, 000303.440, 97
Trd, 000303.920, 95
Trd, 000304.760, 93
Trd, 000305.180, 100
Trd, 000305.400, 103.99
Trd, 000305.700, 103.99
Trd, 000306.760, 104.0
Trd, 000307.500, 103.99
Trd, 000308.120, 103.99
Trd, 000308.500, 103.01
Trd, 000308.520, 104.0
Trd, 000308.640, 104.0
Trd, 000309.080, 104.0
Trd, 000310.280, 104
Trd, 000310.600, 104.01
Trd, 000310.800, 104.99
Trd, 000311.820, 104
Trd, 000311.940, 103.99
Trd, 000312.020, 104
Trd, 000312.780, 104
Trd, 000313.300, 103
Trd, 000313.680, 103.01
Trd, 000314.580, 107.99
Trd, 000315.620, 106
Trd, 000316.320, 107.99
Trd, 000316.780, 106
Trd, 000317.060, 106.01
Trd, 000317.260, 106.0
Trd, 000317.680, 104
Trd, 000318.260, 104
Trd, 000318.460, 108.0
Trd, 000319.000, 111.99
Trd, 000319.520, 105.99
Trd, 000319.880, 111.99
Trd, 000319.980, 99
Trd, 000321.200, 91.01
Trd, 000321.600, 104.0
Trd, 000322.260, 100.01
Trd, 000322.440, 100.01
Trd, 000322.560, 100
Trd, 000323.420, 110.19999999999999
Trd, 000323.500, 110.19999999999999
Trd, 000324.360, 106
Trd, 000324.780, 102
Trd, 000325.080, 99.01
Trd, 000325.260, 99
Trd, 000325.280, 99.01
Trd, 000325.720, 107.99
Trd, 000327.240, 102.01
Trd, 000327.460, 104
Trd, 000328.340, 107.99
Trd, 000328.740, 105.0
Trd, 000329.220, 107.99
Trd, 000329.800, 106.99
Trd, 000330.640, 106
Trd, 000330.720, 106
Trd, 000331.120, 106.01
Trd, 000332.240, 106
Trd, 000332.540, 104.68999999999998
Trd, 000333.400, 105.0
Trd, 000333.540, 104.0
Trd, 000334.560, 105.01
Trd, 000334.920, 105.0
Trd, 000336.520, 107.99
Trd, 000336.580, 105.01
Trd, 000336.760, 106
Trd, 000337.320, 109.99
Trd, 000337.780, 108
Trd, 000338.260, 105.01
Trd, 000339.380, 107
Trd, 000339.420, 107
Trd, 000340.640, 106.99
Trd, 000340.840, 106
Trd, 000341.520, 105
Trd, 000341.540, 105.01
Trd, 000341.900, 107.99
Trd, 000342.700, 105.0
Trd, 000343.000, 104.0
Trd, 000343.060, 104.01
Trd, 000343.620, 104
Trd, 000343.900, 101.01
Trd, 000344.320, 106.99
Trd, 000345.440, 105.99
Trd, 000345.680, 104.0
Trd, 000345.700, 105
Trd, 000345.880, 104
Trd, 000346.100, 102
Trd, 000346.600, 103
Trd, 000347.120, 101.01
Trd, 000347.360, 99
Trd, 000347.860, 99.01
Trd, 000348.880, 99.01
Trd, 000348.920, 99.0
Trd, 000349.300, 96
Trd, 000349.840, 106.99
Trd, 000350.500, 102
Trd, 000351.340, 100
Trd, 000351.560, 100.01
Trd, 000351.580, 100
Trd, 000352.440, 103
Trd, 000352.740, 102.99
Trd, 000353.100, 102
Trd, 000355.100, 100.01
Trd, 000355.240, 100
Trd, 000355.320, 100
Trd, 000356.740, 95.01
Trd, 000356.940, 99.01
Trd, 000357.280, 103.99
Trd, 000357.920, 104.0
Trd, 000358.220, 111.99
Trd, 000359.300, 110.99
Trd, 000359.660, 110.99
Trd, 000360.420, 98.01
Trd, 000360.760, 107.99
Trd, 000361.120, 98.01
Trd, 000361.240, 100.0
Trd, 000362.100, 99
Trd, 000362.420, 98.01
Trd, 000362.880, 98
Trd, 000363.360, 98.01
Trd, 000363.600, 103.0
Trd, 000363.760, 104.0
Trd, 000364.420, 111.99
Trd, 000365.180, 110.99
Trd, 000365.400, 109
Trd, 000365.540, 111
Trd, 000365.700, 91.0
Trd, 000366.120, 101
Trd, 000367.460, 109
Trd, 000367.580, 109.01
Trd, 000368.100, 110
Trd, 000368.440, 111.99
Trd, 000369.320, 108.01
Trd, 000369.700, 104
Trd, 000370.320, 104.01
Trd, 000370.460, 104.0
Trd, 000370.680, 104.01
Trd, 000371.360, 104.0
Trd, 000372.080, 103.99
Trd, 000372.220, 102
Trd, 000372.720, 103
Trd, 000373.380, 101.01
Trd, 000374.860, 91.0
Trd, 000375.100, 100.99
Trd, 000375.320, 101
Trd, 000375.840, 108.0
Trd, 000375.860, 107.99
Trd, 000376.700, 104.0
Trd, 000377.160, 103.99
Trd, 000377.460, 104.0
Trd, 000377.800, 103
Trd, 000378.260, 102
Trd, 000378.640, 101.01
Trd, 000380.120, 107.99
Trd, 000380.180, 108.0
Trd, 000380.940, 102.01
Trd, 000381.120, 102
Trd, 000381.900, 100
Trd, 000382.240, 101
Trd, 000382.300, 103
Trd, 000383.240, 104.0
Trd, 000383.580, 111.99
Trd, 000383.780, 104.0
Trd, 000385.040, 104.01
Trd, 000385.840, 104.0
Trd, 000386.600, 103.99
Trd, 000387.240, 103
Trd, 000387.780, 104
Trd, 000388.760, 106.99
Trd, 000388.900, 104
Trd, 000389.160, 104.0
Trd, 000389.680, 104
Trd, 000390.560, 103.99
Trd, 000391.160, 103.99
Trd, 000391.420, 104
Trd, 000391.660, 102.01
Trd, 000392.280, 106.99
Trd, 000392.740, 104
Trd, 000393.420, 107.99
Trd, 000393.580, 104
Trd, 000393.840, 108.0
Trd, 000394.000, 103
Trd, 000394.300, 101
Trd, 000394.940, 99
Trd, 000395.280, 99.01
Trd, 000395.320, 99.0
Trd, 000396.120, 100.0
Trd, 000396.360, 112
Trd, 000398.860, 104.69999999999999
Trd, 000398.880, 104.68999999999998
Trd, 000398.980, 106
Trd, 000399.440, 106.0
Trd, 000400.140, 106
Trd, 000400.540, 104.0
Trd, 000400.660, 91.0
Trd, 000400.760, 91.01
Trd, 000401.020, 104.0
Trd, 000401.160, 108.0
Trd, 000401.820, 111.99
Trd, 000401.980, 111.99
Trd, 000402.880, 104.01
Trd, 000403.720, 104.01
Trd, 000403.880, 104.0
Trd, 000404.540, 108.99
Trd, 000405.620, 91.01
Trd, 000405.780, 105.99
Trd, 000406.840, 96
Trd, 000406.860, 100
Trd, 000407.980, 87.01
Trd, 000408.320, 87.01
Trd, 000408.860, 103.99
Trd, 000409.500, 102.99
Trd, 000409.740, 104.0
Trd, 000409.980, 100
Trd, 000410.180, 100
Trd, 000410.520, 99
Trd, 000411.800, 99.01
Trd, 000412.160, 99
Trd, 000412.460, 99.01
Trd, 000412.580, 94.01
Trd, 000412.880, 96
Trd, 000413.300, 96
Trd, 000414.080, 96.0
Trd, 000414.300, 103.99
Trd, 000416.020, 101
Trd, 000416.260, 101.0
Trd, 000416.880, 101.01
Trd, 000417.760, 103.99
Trd, 000419.400, 100
Trd, 000419.660, 100
Trd, 000419.880, 100.0
Trd, 000420.060, 91.01
Trd, 000420.200, 102
Trd, 000420.460, 102
Trd, 000421.000, 101.99
Trd, 000421.420, 102.0
Trd, 000422.680, 99.01
Trd, 000422.940, 100
Trd, 000422.980, 104.0
Trd, 000423.180, 99
Trd, 000424.800, 98.01
Trd, 000425.040, 104.0
Trd, 000425.420, 107.99
Trd, 000425.700, 107.99
Trd, 000426.320, 107.99
Trd, 000426.540, 107
Trd, 000427.280, 105.0
Trd, 000429.020, 91.01
Trd, 000429.680, 111.99
Trd, 000430.060, 103
Trd, 000430.140, 112
Trd, 000430.420, 120.0
Trd, 000431.100, 128.99
Trd, 000431.540, 111.99
Trd, 000431.640, 112.0
Trd, 000431.740, 105.01
Trd, 000432.120, 109
Trd, 000432.900, 99
Trd, 000433.080, 91.01
Trd, 000433.640, 98
Trd, 000434.240, 102.0
Trd, 000435.420, 91.0
Trd, 000435.760, 93.0
Trd, 000436.000, 83.01
Trd, 000436.720, 84.01
Trd, 000437.180, 84.01
Trd, 000437.260, 87
Trd, 000437.400, 83.01
Trd, 000437.840, 85.99
Trd, 000438.000, 91.0
Trd, 000439.040, 100
Trd, 000439.780, 99.99
Trd, 000440.000, 94.01
Trd, 000440.200, 104.0
Trd, 000440.580, 100
Trd, 000441.160, 107.99
Trd, 000441.420, 99
Trd, 000442.140, 91.01
Trd, 000442.660, 108.0
Trd, 000443.000, 110.19999999999999
Trd, 000443.260, 101.01
Trd, 000443.620, 113.99
Trd, 000443.660, 102
Trd, 000444.300, 102
Trd, 000444.480, 101
Trd, 000444.620, 113
Trd, 000444.660, 91.01
Trd, 000445.440, 103.99
Trd, 000445.940, 104.0
Trd, 000446.100, 115.99
Trd, 000447.220, 106
Trd, 000447.740, 99
Trd, 000448.380, 98
Trd, 000448.700, 91.01
Trd, 000448.880, 99.01
Trd, 000449.420, 106.99
Trd, 000449.560, 99
Trd, 000449.840, 108.0
Trd, 000450.420, 107.99
Trd, 000450.840, 107.99
Trd, 000451.200, 106.0
Trd, 000451.600, 104.01
Trd, 000451.880, 107.0
Trd, 000452.540, 105
Trd, 000453.500, 105
Trd, 000453.980, 104
Trd, 000454.240, 104.01
Trd, 000454.500, 106.99
Trd, 000455.240, 106
Trd, 000455.460, 105
Trd, 000456.140, 98.01
Trd, 000456.460, 101
Trd, 000457.380, 103.99
Trd, 000457.760, 103.99
Trd, 000458.300, 102.01
Trd, 000459.320, 102
Trd, 000460.640, 101.01
Trd, 000461.620, 101
Trd, 000462.000, 100.01
Trd, 000462.100, 102
Trd, 000463.620, 100.01
Trd, 000463.840, 100
Trd, 000463.920, 100
Trd, 000464.760, 101
Trd, 000465.020, 103.99
Trd, 000465.540, 103.99
Trd, 000466.580, 103
Trd, 000467.300, 102.99
Trd, 000467.580, 103
Trd, 000467.820, 104.0
Trd, 000468.960, 115.99
Trd, 000469.000, 116.0
Trd, 000469.100, 106
Trd, 000469.500, 119.99
Trd, 000469.960, 109
Trd, 000470.060, 99.01
Trd, 000470.420, 108
Trd, 000470.700, 99.01
Trd, 000472.020, 102
Trd, 000472.560, 91.0
Trd, 000472.920, 91.01
Trd, 000473.260, 99
Trd, 000473.840, 101.99
Trd, 000474.520, 107.0
Trd, 000475.040, 103
Trd, 000475.960, 112.99
Trd, 000475.980, 109
Trd, 000476.560, 104.01
Trd, 000476.860, 104.01
Trd, 000477.440, 113
Trd, 000478.060, 115.99
Trd, 000478.580, 114.99
Trd, 000479.220, 111.0
Trd, 000479.300, 107
Trd, 000479.920, 103.01
Trd, 000480.100, 104.0
Trd, 000480.380, 107.0
Trd, 000480.440, 107.01
Trd, 000480.500, 99
Trd, 000480.940, 115
Trd, 000481.660, 103
Trd, 000482.060, 99
Trd, 000483.260, 103.01
Trd, 000483.720, 103.0
Trd, 000484.200, 102.01
Trd, 000485.280, 103.99
Trd, 000486.180, 104.0
Trd, 000486.380, 108.0
Trd, 000487.120, 111.99
Trd, 000487.560, 108
Trd, 000487.940, 109.99
Trd, 000488.800, 107
Trd, 000489.540, 106.01
Trd, 000489.940, 107
Trd, 000490.460, 106.01
Trd, 000490.520, 106
Trd, 000490.760, 99.01
Trd, 000491.060, 103
Trd, 000491.980, 99.01
Trd, 000492.700, 99.99
Trd, 000493.440, 99
Trd, 000493.660, 91.01
Trd, 000493.760, 100.0
Trd, 000494.180, 99.99
Trd, 000494.960, 91.01
Trd, 000495.720, 95
Trd, 000496.580, 94.01
Trd, 000496.640, 104.0
Trd, 000496.900, 107.99
Trd, 000496.980, 94
Trd, 000497.160, 91.01
Trd, 000497.780, 87.0
Trd, 000498.080, 91.0
Trd, 000498.620, 94.99
Trd, 000498.980, 95
Trd, 000500.900, 95
Trd, 000500.940, 104.0
Trd, 000501.480, 106.0
Trd, 000501.900, 107.99
Trd, 000502.120, 97.01
Trd, 000502.180, 108.0
Trd, 000503.120, 111.99
Trd, 000503.400, 103
Trd, 000503.820, 98.01
Trd, 000505.440, 106.99
Trd, 000505.620, 102.01
Trd, 000506.280, 102.01
Trd, 000506.820, 102
Trd, 000506.940, 99
Trd, 000507.040, 99.01
Trd, 000507.320, 102.01
Trd, 000507.540, 102.0
Trd, 000508.240, 103
Trd, 000508.400, 103.99
Trd, 000510.540, 104.0
Trd, 000510.740, 103.99
Trd, 000511.740, 102.01
Trd, 000512.000, 102
Trd, 000512.040, 102.01
Trd, 000513.100, 101.99
Trd, 000513.580, 101
Trd, 000513.920, 102
Trd, 000514.060, 103
Trd, 000514.600, 101
Trd, 000514.900, 101.0
Trd, 000514.960, 101.01
Trd, 000516.780, 103.99
Trd, 000517.200, 103
Trd, 000517.480, 100
Trd, 000518.360, 98.01
Trd, 000518.540, 102.99
Trd, 000518.720, 103
Trd, 000518.760, 98.01
Trd, 000518.840, 98
Trd, 000520.000, 103.99
Trd, 000522.000, 102.99
Trd, 000522.160, 102
Trd, 000522.240, 102.01
Trd, 000522.760, 103
Trd, 000523.120, 102.99
Trd, 000523.320, 103.0
Trd, 000523.780, 103
Trd, 000523.980, 102
Trd, 000525.260, 101
Trd, 000525.440, 101.01
Trd, 000525.640, 104.0
Trd, 000526.200, 107.99
Trd, 000526.760, 103.01
Trd, 000526.940, 103
Trd, 000527.380, 83.0
Trd, 000528.820, 99
Trd, 000529.120, 101.99
Trd, 000529.500, 104.0
Trd, 000529.860, 101.01
Trd, 000530.420, 111.99
Trd, 000530.740, 108
Trd, 000531.260, 109
Trd, 000531.780, 108
Trd, 000532.100, 108
Trd, 000532.220, 108.0
Trd, 000532.660, 108.01
Trd, 000532.780, 111.99
Trd, 000533.300, 100.01
Trd, 000533.760, 104.0
Trd, 000534.780, 106
Trd, 000535.560, 108.01
Trd, 000536.000, 106.0
Trd, 000536.560, 105.99
Trd, 000537.240, 104.0
Trd, 000537.280, 103.99
Trd, 000537.500, 99.01
Trd, 000537.820, 99
Trd, 000538.280, 101.99
Trd, 000538.480, 101
Trd, 000539.460, 101.99
Trd, 000539.720, 102
Trd, 000539.760, 108.0
Trd, 000539.920, 112
Trd, 000541.260, 107.01
Trd, 000541.960, 105.0
Trd, 000542.840, 105.0
Trd, 000542.860, 104.0
Trd, 000543.160, 99.01
Trd, 000543.820, 98
Trd, 000544.020, 98.01
Trd, 000544.160, 99.99
Trd, 000544.880, 98.99
Trd, 000545.020, 99
Trd, 000545.100, 100
Trd, 000545.140, 91.0
Trd, 000546.020, 97
Trd, 000546.100, 96
Trd, 000546.960, 102.99
Trd, 000547.180, 103
Trd, 000548.740, 103
Trd, 000549.160, 100.01
Trd, 000549.300, 99.01
Trd, 000549.700, 102.99
Trd, 000550.260, 87.01
Trd, 000551.200, 87.0
Trd, 000551.400, 83.01
Trd, 000551.860, 87.01
Trd, 000552.400, 91
Trd, 000553.340, 103.0
Trd, 000553.380, 102.99
Trd, 000553.800, 95
Trd, 000553.920, 86.01
Trd, 000554.160, 100.99
Trd, 000555.200, 94
Trd, 000555.420, 94.01
Trd, 000555.500, 95
Trd, 000556.640, 94.01
Trd, 000557.640, 103.0
Trd, 000558.640, 104.0
Trd, 000559.260, 107.99
Trd, 000559.300, 103.99
Trd, 000559.620, 105
Trd, 000560.320, 105.01
Trd, 000560.520, 105.0
Trd, 000561.680, 104.0
Trd, 000561.720, 104
Trd, 000561.780, 104.01
Trd, 000562.640, 104.99
Trd, 000563.560, 104.99
Trd, 000563.620, 105
Trd, 000563.840, 104.99
Trd, 000564.000, 104
Trd, 000564.060, 104
Trd, 000565.560, 104.0
Trd, 000565.920, 104
Trd, 000566.660, 99.01
Trd, 000567.000, 99.01
Trd, 000567.200, 99.99
Trd, 000567.600, 99
Trd, 000567.680, 100.0
Trd, 000568.760, 100.99
Trd, 000568.860, 99.01
Trd, 000569.160, 99
Trd, 000569.520, 100
Trd, 000570.080, 108.0
Trd, 000570.280, 107.99
Trd, 000570.360, 104.0
Trd, 000570.960, 103
Trd, 000571.100, 103.01
Trd, 000571.240, 103
Trd, 000571.840, 102
Trd, 000573.520, 102.01
Trd, 000574.280, 102.0
Trd, 000575.160, 101.01
Trd, 000575.980, 101.01
Trd, 000577.100, 102.99
Trd, 000577.720, 100.01
Trd, 000577.940, 104.0
Trd, 000578.140, 109.99
Trd, 000578.240, 100
Trd, 000578.500, 99
Trd, 000578.920, 109
Trd, 000579.280, 108
Trd, 000579.780, 111.99
Trd, 000580.720, 109.99
Trd, 000580.960, 108
Trd, 000581.240, 106
Trd, 000581.540, 105
Trd, 000582.580, 105
Trd, 000583.460, 104.0
Trd, 000583.620, 99.01
Trd, 000583.960, 104.01
Trd, 000584.080, 105.01
Trd, 000585.420, 105
Trd, 000585.540, 104
Trd, 000586.520, 104.01
Trd, 000587.060, 107.99
Trd, 000587.580, 107.99
Trd, 000587.640, 107.99
Trd, 000588.280, 105.01
Trd, 000588.500, 105
Trd, 000589.340, 104.01
Trd, 000589.460, 105
Trd, 000589.480, 104
Trd, 000589.820, 104.01
Trd, 000590.060, 104
Trd, 000590.900, 104.0
Trd, 000591.980, 99.01
Trd, 000592.140, 99.01
Trd, 000592.380, 107.99
Trd, 000592.600, 108.0
Trd, 000593.660, 112
Trd, 000593.720, 111.99
Trd, 000593.940, 108
Trd, 000594.640, 99
Trd, 000595.300, 91.01
Trd, 000595.660, 105
Trd, 000595.820, 119.99
Trd, 000595.860, 116.0
Trd, 000596.840, 119.99
Trd, 000597.040, 119.99
Trd, 000597.440, 118.0
Trd, 000598.420, 105.0
Trd, 000599.240, 104.01
Trd, 000599.340, 104.01
Trd, 000600.260, 105.0
Trd, 000600.320, 105.01
Trd, 000601.040, 105.99
Trd, 000601.180, 105
Trd, 000601.660, 105
Trd, 000602.200, 105.01
Trd, 000602.240, 106
Trd, 000603.040, 106.99
Trd, 000603.560, 106.99
Trd, 000603.820, 104.0
Trd, 000604.500, 99
Trd, 000604.800, 104.0
Trd, 000605.580, 91.01
Trd, 000605.940, 100
Trd, 000605.980, 99
Trd, 000606.360, 92.01
Trd, 000606.880, 97
Trd, 000607.440, 107.99
Trd, 000609.080, 99
Trd, 000609.640, 99.0
Trd, 000609.720, 99.99
Trd, 000610.040, 99.01
Trd, 000610.140, 99
Trd, 000610.160, 100.0
Trd, 000610.240, 112
Trd, 000611.120, 111.99
Trd, 000611.340, 108
Trd, 000611.900, 103.01
Trd, 000612.240, 102
Trd, 000614.000, 99.01
Trd, 000614.040, 91.0
Trd, 000614.540, 102
Trd, 000615.040, 102.99
Trd, 000615.620, 102
Trd, 000616.100, 102.99
Trd, 000617.240, 104.0
Trd, 000617.780, 107.99
Trd, 000618.240, 105
Trd, 000618.760, 105
Trd, 000619.060, 105.0
Trd, 000619.700, 104
Trd, 000620.180, 104.0
Trd, 000621.340, 100.01
Trd, 000621.780, 99
Trd, 000622.560, 91.01
Trd, 000622.880, 98
Trd, 000622.980, 100
Trd, 000623.340, 101
Trd, 000624.520, 115.99
Trd, 000624.640, 104.0
Trd, 000624.660, 100.99
Trd, 000625.000, 97.01
Trd, 000625.560, 112.99
Trd, 000625.660, 108
Trd, 000626.320, 113.99
Trd, 000627.480, 112.0
Trd, 000628.100, 112.0
Trd, 000628.560, 112.0
Trd, 000628.860, 111.99
Trd, 000629.760, 110.01
Trd, 000629.980, 110
Trd, 000630.020, 108
Trd, 000630.180, 104.0
Trd, 000630.980, 111.99
Trd, 000631.880, 110.19999999999999
Trd, 000632.240, 109
Trd, 000633.720, 111.01
Trd, 000633.900, 110.01
Trd, 000634.060, 112
Trd, 000634.280, 119.99
Trd, 000634.540, 118
Trd, 000635.400, 117
Trd, 000635.640, 112
Trd, 000636.000, 114
Trd, 000636.120, 116
Trd, 000637.060, 116
Trd, 000637.580, 115.99
Trd, 000637.660, 115.99
Trd, 000639.240, 113
Trd, 000639.640, 112.0
Trd, 000639.920, 104.0
Trd, 000640.000, 104.0
Trd, 000640.520, 99
Trd, 000641.160, 91.01
Trd, 000642.200, 91.01
Trd, 000642.220, 99
Trd, 000642.860, 116.0
Trd, 000643.020, 120.0
Trd, 000643.460, 115.99
Trd, 000643.860, 116.0
Trd, 000643.960, 112.0
Trd, 000644.080, 91.0
Trd, 000644.740, 87.01
Trd, 000644.840, 104.0
Trd, 000645.380, 107.99
Trd, 000645.580, 95
Trd, 000645.680, 87.0
Trd, 000647.420, 105.99
Trd, 000648.140, 103
Trd, 000648.260, 103.0
Trd, 000649.040, 103.0
Trd, 000649.260, 103
Trd, 000650.920, 103.0
Trd, 000651.340, 102.99
Trd, 000651.400, 102
Trd, 000652.020, 103
Trd, 000652.520, 103.0
Trd, 000653.140, 102.99
Trd, 000653.300, 102
Trd, 000653.780, 102.99
Trd, 000653.880, 101
Trd, 000654.300, 104
Trd, 000654.540, 101
Trd, 000654.740, 109
Trd, 000655.580, 120.0
Trd, 000656.340, 113
Trd, 000656.400, 108
Trd, 000656.460, 115.01
Trd, 000656.800, 111
Trd, 000658.680, 112.99
Trd, 000659.160, 112.0
Trd, 000659.700, 110.01
Trd, 000660.120, 104.0
Trd, 000660.160, 99.01
Trd, 000660.320, 99
Trd, 000660.680, 106
Trd, 000662.200, 91.01
Trd, 000662.840, 99
Trd, 000663.440, 97
Trd, 000663.520, 96.99
Trd, 000663.560, 97
Trd, 000663.720, 107.99
Trd, 000664.180, 92.01
Trd, 000664.540, 107.99
Trd, 000664.880, 108.0
Trd, 000665.780, 100
Trd, 000666.820, 102
Trd, 000667.200, 104.0
Trd, 000667.400, 103.99
Trd, 000667.740, 101.01
Trd, 000668.040, 101
Trd, 000669.560, 99
Trd, 000670.720, 98.0
Trd, 000670.780, 99.01
Trd, 000670.920, 107.0
Trd, 000671.220, 105
Trd, 000671.420, 107.99
Trd, 000671.800, 105.0
Trd, 000672.120, 106.0
Trd, 000673.100, 107.99
Trd, 000673.840, 107
Trd, 000675.440, 106.01
Trd, 000675.640, 106
Trd, 000675.840, 105.01
Trd, 000676.260, 105.99
Trd, 000676.800, 106.01
Trd, 000677.040, 106
Trd, 000677.760, 104.0
Trd, 000678.620, 104.0
Trd, 000679.060, 104.01
Trd, 000679.260, 104.0
Trd, 000679.540, 103
Trd, 000680.100, 103
Trd, 000680.200, 103
Trd, 000680.460, 107.99
Trd, 000682.220, 99.01
Trd, 000682.240, 101
Trd, 000682.860, 99
Trd, 000682.900, 91.0
Trd, 000683.020, 99.01
Trd, 000683.160, 99
Trd, 000684.060, 87.01
Trd, 000684.720, 104.0
Trd, 000684.840, 107.99
Trd, 000685.120, 103.99
Trd, 000685.140, 108.0
Trd, 000687.160, 103.99
Trd, 000687.180, 103
Trd, 000687.780, 104
Trd, 000688.040, 105.99
Trd, 000688.100, 103.99
Trd, 000688.400, 99
Trd, 000688.560, 99.01
Trd, 000689.300, 93.01
Trd, 000689.760, 93.01
Trd, 000690.500, 105.0
Trd, 000690.800, 107.99
Trd, 000690.880, 105.0
Trd, 000691.160, 104.0
Trd, 000691.460, 104
Trd, 000691.880, 104.01
Trd, 000692.960, 102.01
Trd, 000693.840, 103.99
Trd, 000693.980, 104
Trd, 000694.380, 103
Trd, 000695.180, 103.99
Trd, 000695.380, 103
Trd, 000696.300, 99.01
Trd, 000696.560, 102
Trd, 000697.700, 99
Trd, 000697.840, 99.01
Trd, 000698.800, 93
Trd, 000699.040, 92.99
Trd, 000699.840, 103.99
Trd, 000700.180, 98
Trd, 000700.280, 91.01
Trd, 000700.300, 91.0
Trd, 000701.300, 87.01
Trd, 000701.380, 87.0
Trd, 000701.480, 87.01
Trd, 000702.160, 95.99
Trd, 000702.700, 94
Trd, 000702.820, 104.0
Trd, 000703.160, 108.0
Trd, 000703.900, 91.01
Trd, 000703.980, 91.0
Trd, 000704.460, 98.99
Trd, 000704.620, 91
Trd, 000705.200, 95.99
Trd, 000707.140, 96
Trd, 000708.740, 95.99
Trd, 000708.840, 95
Trd, 000709.080, 96.0
Trd, 000709.280, 103.0
Trd, 000709.740, 96.99
Trd, 000710.160, 95.99
Trd, 000710.380, 97.01
Trd, 000710.760, 96
Trd, 000711.540, 104.0
Trd, 000712.480, 103.99
Trd, 000713.220, 99
Trd, 000713.380, 99.01
Trd, 000714.880, 99
Trd, 000715.300, 99.0
Trd, 000715.500, 98.01
Trd, 000716.120, 96
Trd, 000716.740, 96.01
Trd, 000717.380, 98
Trd, 000717.520, 100.0
Trd, 000717.960, 91.01
Trd, 000719.200, 93
Trd, 000720.200, 96.99
Trd, 000720.260, 94.0
Trd, 000720.440, 97
Trd, 000720.560, 99.99
Trd, 000721.000, 97.0
Trd, 000721.560, 102.0
Trd, 000721.820, 101.99
Trd, 000721.860, 95
Trd, 000722.440, 91.0
Trd, 000723.220, 104.0
Trd, 000723.240, 103.99
Trd, 000723.560, 83.01
Trd, 000724.200, 97
Trd, 000724.380, 95.01
Trd, 000724.760, 98
Trd, 000725.900, 104.99
Trd, 000726.880, 98.01
Trd, 000727.000, 98
Trd, 000727.840, 112
Trd, 000728.440, 113.0
Trd, 000728.580, 112.99
Trd, 000729.600, 111.99
Trd, 000729.880, 110.99
Trd, 000729.980, 101
Trd, 000730.060, 98
Trd, 000730.420, 101.0
Trd, 000730.540, 101.01
Trd, 000731.680, 101.0
Trd, 000731.760, 101.01
Trd, 000731.940, 103.99
Trd, 000733.020, 103.01
Trd, 000733.400, 103.99
Trd, 000733.440, 104.0
Trd, 000733.660, 110.19999999999999
Trd, 000734.080, 106
Trd, 000735.700, 99.01
Trd, 000736.260, 108.0
Trd, 000736.680, 112
Trd, 000737.040, 111.99
Trd, 000737.740, 103.01
Trd, 000738.160, 102.01
Trd, 000738.760, 100
Trd, 000738.780, 100.01
Trd, 000738.840, 99
Trd, 000739.380, 100
Trd, 000740.000, 104.0
Trd, 000741.040, 104.99
Trd, 000741.160, 107.99
Trd, 000742.240, 108.0
Trd, 000743.240, 108
Trd, 000743.740, 110
Trd, 000743.960, 107
Trd, 000744.500, 104.0
Trd, 000744.540, 103
Trd, 000745.120, 99.01
Trd, 000746.080, 105.99
Trd, 000746.860, 104
Trd, 000746.960, 104.01
Trd, 000748.040, 104.99
Trd, 000748.760, 91.01
Trd, 000748.960, 101
Trd, 000749.260, 96
Trd, 000749.980, 88.01
Trd, 000750.220, 88.01
Trd, 000750.280, 98
Trd, 000750.740, 103.99
Trd, 000750.920, 88.0
Trd, 000751.620, 105.0
Trd, 000751.760, 104.99
Trd, 000752.480, 90.01
Trd, 000752.820, 90.0
Trd, 000752.940, 90.01
Trd, 000753.000, 87.0
Trd, 000753.700, 92
Trd, 000754.520, 92.01
Trd, 000755.760, 98.99
Trd, 000755.780, 100.0
Trd, 000756.000, 104.0
Trd, 000756.840, 94.01
Trd, 000757.100, 111.99
Trd, 000757.880, 94
Trd, 000758.800, 99.45549999999999
Trd, 000759.060, 99.46549999999999
Trd, 000759.400, 101.99
Trd, 000760.280, 101.99
Trd, 000760.320, 101
Trd, 000760.360, 102
Trd, 000760.520, 98
Trd, 000761.040, 103
Trd, 000761.820, 104.0
Trd, 000762.040, 107.99
Trd, 000762.300, 100
Trd, 000763.320, 110
Trd, 000763.700, 112
Trd, 000764.020, 115.99
Trd, 000764.360, 111.99
Trd, 000765.820, 110.01
Trd, 000766.220, 110
Trd, 000766.700, 110
Trd, 000767.080, 116.0
Trd, 000767.500, 104.01
Trd, 000767.880, 104.0
Trd, 000768.060, 104
Trd, 000768.600, 100
Trd, 000768.960, 104.99
Trd, 000769.040, 98
Trd, 000769.480, 98.01
Trd, 000770.500, 100
Trd, 000771.120, 102.99
Trd, 000771.760, 87.01
Trd, 000772.060, 87.01
Trd, 000772.340, 89
Trd, 000772.700, 88.99
Trd, 000772.800, 87.0
Trd, 000773.040, 83.01
Trd, 000773.360, 84.01
Trd, 000773.820, 106.99
Trd, 000774.680, 104.0
Trd, 000775.200, 101
Trd, 000775.460, 116.0
Trd, 000776.100, 116.99
Trd, 000776.120, 99
Trd, 000776.520, 104
Trd, 000776.980, 103
Trd, 000777.060, 116
Trd, 000777.280, 97.01
Trd, 000777.320, 97
Trd, 000778.020, 104
Trd, 000779.240, 104.01
Trd, 000779.760, 106.99
Trd, 000780.760, 106.99
Trd, 000780.780, 107
Trd, 000781.740, 107.99
Trd, 000781.980, 107.99
Trd, 000782.000, 107
Trd, 000782.520, 108.0
Trd, 000782.780, 108.01
Trd, 000782.840, 108
Trd, 000783.160, 107
Trd, 000784.100, 111.99
Trd, 000784.660, 111.99
Trd, 000785.980, 108
Trd, 000786.180, 107
Trd, 000786.220, 104.0
Trd, 000786.340, 87.01
Trd, 000786.760, 87.01
Trd, 000788.780, 104.0
Trd, 000789.580, 104.0
Trd, 000789.980, 104.01
Trd, 000790.200, 107.99
Trd, 000790.560, 105.01
Trd, 000791.040, 106.99
Trd, 000792.100, 106.01
Trd, 000792.240, 107.0
Trd, 000792.480, 106
Trd, 000793.520, 106.0
Trd, 000793.720, 105
Trd, 000794.200, 105
Trd, 000794.220, 99
Trd, 000794.900, 103.01
Trd, 000795.020, 103
Trd, 000795.420, 91.0
Trd, 000796.080, 87.01
Trd, 000796.420, 83.01
Trd, 000797.140, 97.99
Trd, 000797.680, 98
Trd, 000797.800, 97.99
Trd, 000798.500, 107.99
Trd, 000798.640, 104.0
Trd, 000800.060, 98.01
Trd, 000800.160, 107.0
Trd, 000800.640, 98.01
Trd, 000801.140, 100
Trd, 000801.180, 99.99
Trd, 000801.640, 98
Trd, 000801.820, 98.01
Trd, 000802.340, 100
Trd, 000802.900, 110.99
Trd, 000803.360, 97
Trd, 000805.000, 102
Trd, 000805.440, 102.99
Trd, 000805.480, 103
Trd, 000806.000, 103
Trd, 000806.140, 102
Trd, 000806.220, 103
Trd, 000807.220, 111.99
Trd, 000807.880, 111.99
Trd, 000808.300, 110
Trd, 000808.500, 103.01
Trd, 000809.140, 106
Trd, 000809.500, 107
Trd, 000809.900, 91.01
Trd, 000810.040, 108.0
Trd, 000810.700, 96.01
Trd, 000811.320, 97.01
Trd, 000811.500, 97
Trd, 000811.860, 100.0
Trd, 000813.680, 111.99
Trd, 000813.700, 102
Trd, 000813.960, 97.01
Trd, 000814.280, 88.01
Trd, 000814.420, 93
Trd, 000814.960, 93.01
Trd, 000815.220, 94
Trd, 000815.360, 94.99
Trd, 000815.540, 95
Trd, 000817.420, 99.99
Trd, 000817.660, 100.0
Trd, 000818.780, 98
Trd, 000819.040, 97
Trd, 000819.260, 96.01
Trd, 000819.300, 96
Trd, 000820.900, 95
Trd, 000821.740, 95
Trd, 000821.880, 95.01
Trd, 000822.640, 94.01
Trd, 000822.940, 94.0
Trd, 000823.260, 94.01
Trd, 000823.660, 94.0
Trd, 000823.920, 93.01
Trd, 000824.020, 94.99
Trd, 000824.940, 94
Trd, 000825.860, 94
Trd, 000826.520, 103.99
Trd, 000827.000, 93.99
Trd, 000827.440, 96
Trd, 000828.420, 104.0
Trd, 000828.640, 107.0
Trd, 000828.700, 106.99
Trd, 000830.220, 102
Trd, 000830.280, 100
Trd, 000830.520, 100.01
Trd, 000831.240, 100.0
Trd, 000831.500, 102
Trd, 000832.200, 103.99
Trd, 000832.380, 103.99
Trd, 000832.800, 98.01
Trd, 000833.000, 104.0
Trd, 000833.600, 107.99
Trd, 000833.640, 103
Trd, 000834.140, 101.01
Trd, 000834.500, 106.0
Trd, 000835.860, 107.99
Trd, 000837.100, 103.99
Trd, 000837.140, 103
Trd, 000837.200, 103
Trd, 000837.340, 104.0
Trd, 000838.400, 99.01
Trd, 000838.660, 99.01
Trd, 000838.860, 99
Trd, 000838.880, 100.0
Trd, 000840.180, 102
Trd, 000840.760, 102.99
Trd, 000841.660, 103.99
Trd, 000842.280, 103.01
Trd, 000842.940, 101.01
Trd, 000844.000, 101
Trd, 000844.200, 101.01
Trd, 000845.340, 102.99
Trd, 000845.580, 102
Trd, 000846.040, 104.0
Trd, 000846.300, 104.0
Trd, 000847.120, 109.99
Trd, 000847.180, 104.0
Trd, 000847.760, 103.01
Trd, 000848.400, 108.0
Trd, 000849.040, 112
Trd, 000849.940, 115.99
Trd, 000850.020, 110
Trd, 000850.740, 108.3
Trd, 000850.760, 104
Trd, 000851.360, 107.3
Trd, 000851.800, 104.01
Trd, 000852.640, 105.0
Trd, 000852.840, 104.0
Trd, 000853.100, 98
Trd, 000853.680, 88.0
Trd, 000854.040, 87.01
Trd, 000854.620, 87.01
Trd, 000854.800, 87.0
Trd, 000854.940, 88
Trd, 000855.160, 91.0
Trd, 000856.220, 107.99
Trd, 000856.660, 107.99
Trd, 000857.340, 105.0
Trd, 000857.720, 112.99
Trd, 000858.420, 111
Trd, 000858.620, 111.99
Trd, 000858.800, 111.0
Trd, 000859.100, 112.99
Trd, 000859.320, 112.0
Trd, 000859.980, 111.99
Trd, 000860.700, 112
Trd, 000861.180, 109
Trd, 000862.120, 111.99
Trd, 000862.620, 112.0
Trd, 000862.960, 112.0
Trd, 000863.180, 104.01
Trd, 000863.920, 108
Trd, 000863.940, 107
