Trd, 000173.500, 100
Trd, 000174.100, 100
Trd, 000175.671, 100
Trd, 000175.800, 100.0
Trd, 000175.857, 100
Trd, 000175.886, 100
Trd, 000176.986, 100
Trd, 000177.514, 100
Trd, 000177.600, 100
Trd, 000177.814, 100
Trd, 000177.929, 99.0
Trd, 000178.157, 99
Trd, 000178.414, 100
Trd, 000178.986, 100
Trd, 000179.514, 100
Trd, 000180.014, 99
Trd, 000180.486, 99
Trd, 000180.729, 98
Trd, 000181.300, 100.0
Trd, 000182.957, 100
Trd, 000183.100, 100
Trd, 000183.286, 98
Trd, 000183.743, 100
Trd, 000185.386, 100
Trd, 000185.529, 99
Trd, 000185.786, 98
Trd, 000185.957, 97
Trd, 000186.000, 99
Trd, 000186.071, 100
Trd, 000186.100, 100
Trd, 000186.343, 100.0
Trd, 000186.986, 98
Trd, 000187.157, 99
Trd, 000187.343, 100
Trd, 000187.600, 98
Trd, 000187.671, 100
Trd, 000187.743, 94.0
Trd, 000188.186, 100
Trd, 000189.171, 100
Trd, 000189.971, 101.0
Trd, 000190.343, 101
Trd, 000190.443, 102
Trd, 000190.486, 100.0
Trd, 000190.929, 100.0
Trd, 000191.000, 100
Trd, 000193.071, 99
Trd, 000193.171, 100
Trd, 000193.314, 100
Trd, 000193.500, 99
Trd, 000193.714, 97.0
Trd, 000193.771, 100
Trd, 000194.486, 100
Trd, 000195.000, 100
Trd, 000195.157, 100
Trd, 000195.229, 98
Trd, 000195.271, 100
Trd, 000195.957, 99
Trd, 000196.071, 100
Trd, 000196.500, 100.0
Trd, 000196.771, 98
Trd, 000197.100, 100
Trd, 000198.429, 105.0
Trd, 000199.257, 100
Trd, 000199.343, 100
Trd, 000200.186, 102
Trd, 000200.200, 100
Trd, 000200.600, 103
Trd, 000200.957, 101
Trd, 000201.029, 101
Trd, 000201.057, 100
Trd, 000201.100, 100.0
Trd, 000201.571, 104.0
Trd, 000201.943, 103
Trd, 000202.000, 100
Trd, 000202.443, 99
Trd, 000202.700, 100
Trd, 000203.471, 97
Trd, 000203.614, 97
Trd, 000204.386, 97
Trd, 000204.714, 100
Trd, 000204.729, 100
Trd, 000205.186, 100
Trd, 000205.443, 100
Trd, 000205.814, 105.0
Trd, 000205.929, 100
Trd, 000206.143, 109
Trd, 000206.171, 98
Trd, 000206.857, 108.0
Trd, 000207.357, 106
Trd, 000207.671, 109
Trd, 000208.214, 104
Trd, 000208.600, 103
Trd, 000208.757, 101
Trd, 000209.143, 102
Trd, 000209.686, 101.0
Trd, 000210.014, 100.0
Trd, 000210.586, 100
Trd, 000210.971, 101
Trd, 000211.086, 104
Trd, 000211.471, 100
Trd, 000212.314, 102
Trd, 000212.400, 111
Trd, 000212.757, 101
Trd, 000212.914, 101
Trd, 000213.286, 100
Trd, 000213.729, 100
Trd, 000213.943, 100
Trd, 000214.514, 97.0
Trd, 000215.329, 98
Trd, 000215.714, 97
Trd, 000216.414, 98
Trd, 000216.800, 100.0
Trd, 000216.900, 96
Trd, 000217.471, 100
Trd, 000217.886, 100
Trd, 000218.471, 99
Trd, 000219.014, 96.0
Trd, 000219.614, 100
Trd, 000219.929, 97.0
Trd, 000220.400, 100
Trd, 000220.729, 100
Trd, 000220.900, 100
Trd, 000221.043, 100.0
Trd, 000221.200, 100
Trd, 000221.886, 99.0
Trd, 000221.900, 100.0
Trd, 000221.971, 98
Trd, 000222.543, 100
Trd, 000223.114, 97
Trd, 000223.629, 100
Trd, 000223.771, 100
Trd, 000224.071, 96
Trd, 000225.071, 96
Trd, 000225.529, 99
Trd, 000226.086, 100
Trd, 000226.129, 99
Trd, 000226.229, 102
Trd, 000226.486, 100
Trd, 000226.943, 100
Trd, 000227.700, 99
Trd, 000228.000, 100
Trd, 000228.057, 100
Trd, 000228.229, 99
Trd, 000228.300, 100
Trd, 000228.500, 100.0
Trd, 000228.886, 98
Trd, 000229.614, 100
Trd, 000229.700, 99.0
Trd, 000230.043, 98.0
Trd, 000231.357, 100
Trd, 000231.600, 98
Trd, 000232.429, 100
Trd, 000233.414, 99
Trd, 000233.571, 98
Trd, 000233.814, 100.0
Trd, 000233.971, 98.0
Trd, 000234.429, 100
Trd, 000235.529, 100
Trd, 000235.957, 100
Trd, 000236.143, 100
Trd, 000236.329, 97.0
Trd, 000237.343, 99
Trd, 000237.771, 100
Trd, 000238.629, 100
Trd, 000238.929, 99
Trd, 000239.343, 100
Trd, 000239.357, 100
Trd, 000239.629, 97
Trd, 000240.529, 100
Trd, 000241.343, 100
Trd, 000241.986, 100
Trd, 000242.029, 99
Trd, 000242.543, 99
Trd, 000242.843, 100
Trd, 000244.200, 99
Trd, 000244.700, 100
Trd, 000244.886, 99
Trd, 000245.100, 100
Trd, 000245.900, 100.0
Trd, 000246.271, 98
Trd, 000246.386, 100
Trd, 000246.529, 100
Trd, 000247.557, 98
Trd, 000247.629, 100
Trd, 000247.714, 100
Trd, 000248.457, 99
Trd, 000248.886, 98
Trd, 000249.243, 100.0
Trd, 000249.371, 100
Trd, 000250.171, 100
Trd, 000250.357, 101
Trd, 000250.414, 101
Trd, 000251.071, 103
Trd, 000251.129, 101
Trd, 000251.200, 105.0
Trd, 000251.371, 100
Trd, 000252.414, 101
Trd, 000252.829, 100
Trd, 000252.871, 100.0
Trd, 000253.071, 100
Trd, 000253.500, 103
Trd, 000254.014, 102
Trd, 000254.286, 99
Trd, 000254.671, 100
Trd, 000254.757, 99
Trd, 000255.371, 99
Trd, 000255.557, 97
Trd, 000255.843, 100
Trd, 000255.900, 100
Trd, 000256.200, 100.0
Trd, 000257.329, 97.0
Trd, 000257.629, 99
Trd, 000258.471, 100
Trd, 000258.500, 98
Trd, 000258.629, 98
Trd, 000259.543, 99
Trd, 000259.814, 100
Trd, 000259.829, 100
Trd, 000260.929, 100
Trd, 000261.014, 100
Trd, 000261.643, 100.0
Trd, 000261.829, 100
Trd, 000262.129, 99
Trd, 000262.429, 100
Trd, 000262.571, 100
Trd, 000263.029, 100
Trd, 000263.729, 102
Trd, 000264.214, 99
Trd, 000264.943, 100
Trd, 000265.514, 99
Trd, 000265.743, 100
Trd, 000265.943, 100
Trd, 000266.029, 98
Trd, 000266.314, 97
Trd, 000266.457, 98
Trd, 000266.757, 98
Trd, 000267.600, 100
Trd, 000268.529, 99.0
Trd, 000268.629, 97.0
Trd, 000269.057, 98
Trd, 000269.614, 100
Trd, 000269.786, 100
Trd, 000270.171, 100
Trd, 000270.929, 99
Trd, 000271.143, 100
Trd, 000271.471, 98
Trd, 000271.586, 100.0
Trd, 000271.743, 98
Trd, 000271.771, 100
Trd, 000272.243, 100
Trd, 000272.571, 100
Trd, 000273.543, 100
Trd, 000273.671, 100
Trd, 000273.857, 99
Trd, 000275.457, 100.0
Trd, 000275.600, 100
Trd, 000275.614, 100
Trd, 000275.657, 100
Trd, 000275.757, 100
Trd, 000276.229, 98
Trd, 000276.543, 98
Trd, 000276.857, 99
Trd, 000276.886, 100
Trd, 000279.257, 99
Trd, 000279.471, 99
Trd, 000279.543, 100
Trd, 000279.557, 100
Trd, 000279.743, 99
Trd, 000280.100, 98.0
Trd, 000280.186, 100
Trd, 000280.400, 100.0
Trd, 000281.043, 99
Trd, 000281.071, 97
Trd, 000281.271, 98.0
Trd, 000281.900, 100
Trd, 000282.600, 100
Trd, 000282.814, 98
Trd, 000283.171, 100
Trd, 000283.414, 100
Trd, 000283.557, 93
Trd, 000284.186, 100
Trd, 000285.329, 99
Trd, 000285.543, 99
Trd, 000285.557, 97.0
Trd, 000285.614, 100
Trd, 000285.971, 100
Trd, 000286.714, 100
Trd, 000286.900, 100
Trd, 000287.186, 100
Trd, 000287.886, 100
Trd, 000289.243, 100
Trd, 000289.471, 100
Trd, 000289.614, 100
Trd, 000290.229, 100
Trd, 000290.800, 100
Trd, 000290.886, 100
Trd, 000291.114, 99
Trd, 000292.029, 98
Trd, 000292.114, 99
Trd, 000292.314, 98
Trd, 000292.600, 100.0
Trd, 000292.671, 97.0
Trd, 000292.814, 102
Trd, 000293.071, 105.0
Trd, 000293.300, 100
Trd, 000293.471, 98
Trd, 000294.386, 94.0
Trd, 000294.586, 100
Trd, 000295.657, 100
Trd, 000295.700, 98
Trd, 000296.271, 100
Trd, 000296.486, 100.0
Trd, 000296.886, 100
Trd, 000297.700, 99
Trd, 000297.714, 98
Trd, 000297.843, 100
Trd, 000298.514, 100.0
Trd, 000298.543, 100
Trd, 000298.757, 100
Trd, 000298.929, 99
Trd, 000299.414, 100
Trd, 000299.943, 102
Trd, 000300.029, 100
Trd, 000300.271, 100.0
Trd, 000300.486, 99
Trd, 000301.357, 100
Trd, 000301.743, 99
Trd, 000302.100, 100
Trd, 000302.629, 99
Trd, 000302.771, 97
Trd, 000302.871, 100
Trd, 000303.314, 97.0
Trd, 000304.486, 97
Trd, 000305.400, 98
Trd, 000305.600, 99
Trd, 000305.743, 100
Trd, 000306.200, 100
Trd, 000306.471, 100
Trd, 000306.614, 100
Trd, 000307.143, 100
Trd, 000307.443, 100
Trd, 000307.500, 100
Trd, 000307.943, 100.0
Trd, 000307.957, 99
Trd, 000307.971, 105.0
Trd, 000308.329, 100
Trd, 000309.543, 101
Trd, 000309.629, 100
Trd, 000310.200, 101
Trd, 000310.243, 100
Trd, 000311.314, 100
Trd, 000311.643, 99
Trd, 000311.743, 100
Trd, 000311.957, 99
Trd, 000312.343, 100
Trd, 000312.586, 98
Trd, 000312.657, 99
Trd, 000313.400, 100
Trd, 000313.657, 100
Trd, 000313.700, 100
Trd, 000313.957, 99.0
Trd, 000314.586, 100
Trd, 000315.071, 100
Trd, 000315.143, 100
Trd, 000315.414, 100
Trd, 000316.086, 99
Trd, 000316.486, 100
Trd, 000316.686, 99
Trd, 000317.157, 100
Trd, 000318.029, 99
Trd, 000318.700, 99
Trd, 000319.057, 100
Trd, 000319.129, 98
Trd, 000319.771, 100
Trd, 000320.171, 100.0
Trd, 000320.486, 98
Trd, 000320.686, 99
Trd, 000320.871, 100
Trd, 000321.643, 99
Trd, 000321.914, 100
Trd, 000321.957, 100
Trd, 000322.557, 100
Trd, 000323.486, 100
Trd, 000323.971, 100
Trd, 000324.386, 100
Trd, 000324.543, 99
Trd, 000325.000, 100
Trd, 000325.100, 98
Trd, 000325.257, 98
Trd, 000327.100, 99
Trd, 000327.914, 99
Trd, 000328.386, 99
Trd, 000328.657, 100
Trd, 000328.957, 100
Trd, 000329.100, 100
Trd, 000329.229, 98
Trd, 000329.414, 100
Trd, 000329.671, 98
Trd, 000330.014, 100
Trd, 000330.300, 100.0
Trd, 000330.914, 99.0
Trd, 000331.143, 100
Trd, 000331.314, 97.0
Trd, 000331.771, 97
Trd, 000332.029, 99
Trd, 000332.471, 99
Trd, 000332.686, 100
Trd, 000333.957, 98
Trd, 000334.014, 97
Trd, 000334.457, 99
Trd, 000335.500, 100
Trd, 000335.800, 100
Trd, 000336.014, 99
Trd, 000336.443, 100
Trd, 000336.500, 100
Trd, 000336.871, 99
Trd, 000337.314, 100
Trd, 000337.714, 98
Trd, 000337.729, 99.0
Trd, 000338.171, 100.0
Trd, 000338.600, 100
Trd, 000338.657, 100
Trd, 000339.286, 98
Trd, 000339.914, 100
Trd, 000340.086, 98
Trd, 000340.729, 99
Trd, 000340.957, 100
Trd, 000341.171, 100
Trd, 000341.686, 98.0
Trd, 000342.371, 98
Trd, 000342.671, 98.0
Trd, 000343.143, 97
Trd, 000343.414, 100.0
Trd, 000344.157, 100
Trd, 000344.571, 100
Trd, 000345.014, 97.0
Trd, 000345.029, 100
Trd, 000346.514, 100
Trd, 000346.629, 99
Trd, 000346.886, 100
Trd, 000347.200, 99.0
Trd, 000347.800, 98
Trd, 000348.114, 98
Trd, 000348.543, 100.0
Trd, 000349.400, 100
Trd, 000349.643, 100
Trd, 000349.657, 100
Trd, 000349.914, 100
Trd, 000350.929, 100
Trd, 000351.000, 100
Trd, 000351.743, 99
Trd, 000352.371, 100.0
Trd, 000352.429, 100
Trd, 000352.814, 99
Trd, 000353.471, 99
Trd, 000353.500, 100
Trd, 000353.943, 99
Trd, 000354.814, 98
Trd, 000355.443, 98
Trd, 000355.571, 100
Trd, 000356.314, 97
Trd, 000357.171, 100
Trd, 000357.443, 97.0
Trd, 000357.514, 100.0
Trd, 000358.514, 100
Trd, 000359.429, 98
Trd, 000359.529, 97.0
Trd, 000359.929, 96
Trd, 000360.629, 100
Trd, 000360.786, 100.0
Trd, 000361.414, 99
Trd, 000361.700, 100
Trd, 000362.057, 100
Trd, 000362.129, 100
Trd, 000362.571, 100
Trd, 000362.700, 100
Trd, 000363.057, 100
Trd, 000363.143, 100
Trd, 000364.014, 100
Trd, 000364.786, 100
Trd, 000365.171, 99
Trd, 000365.200, 99
Trd, 000365.386, 102
Trd, 000366.343, 100
Trd, 000366.400, 99
Trd, 000367.929, 99
Trd, 000368.057, 100.0
Trd, 000368.100, 100
Trd, 000368.386, 99
Trd, 000368.957, 100
Trd, 000369.214, 100
Trd, 000369.286, 99
Trd, 000369.843, 100.0
Trd, 000370.457, 99.0
Trd, 000370.843, 98
Trd, 000371.086, 98
Trd, 000371.586, 100
Trd, 000372.000, 100
Trd, 000372.086, 100
Trd, 000372.171, 100
Trd, 000372.357, 100
Trd, 000372.657, 102
Trd, 000373.057, 108.0
Trd, 000373.886, 100
Trd, 000374.271, 100
Trd, 000374.429, 101
Trd, 000374.471, 100
Trd, 000375.429, 100
Trd, 000375.486, 100
Trd, 000375.800, 100
Trd, 000375.900, 99
Trd, 000376.229, 99
Trd, 000376.514, 98
Trd, 000377.371, 100
Trd, 000377.829, 100.0
Trd, 000377.843, 100
Trd, 000377.871, 105.0
Trd, 000379.557, 99
Trd, 000379.643, 100
Trd, 000379.971, 100.0
Trd, 000380.457, 98.0
Trd, 000381.000, 97
Trd, 000381.700, 97.0
Trd, 000382.043, 98
Trd, 000382.671, 98
Trd, 000383.043, 97
Trd, 000383.529, 100
Trd, 000383.700, 100
Trd, 000384.129, 100
Trd, 000384.614, 100
Trd, 000384.857, 100
Trd, 000384.886, 100
Trd, 000384.986, 100
Trd, 000385.471, 100
Trd, 000385.657, 99
Trd, 000386.614, 100
Trd, 000386.900, 100
Trd, 000387.343, 99.0
Trd, 000388.086, 98
Trd, 000389.300, 97
Trd, 000390.243, 100
Trd, 000390.886, 100
Trd, 000391.371, 100
Trd, 000391.500, 100
Trd, 000391.614, 99
Trd, 000391.800, 100
Trd, 000391.886, 100
Trd, 000392.029, 97.0
Trd, 000392.057, 96
Trd, 000392.414, 96
Trd, 000392.457, 100
Trd, 000392.900, 100.0
Trd, 000393.000, 94.0
Trd, 000393.686, 97.0
Trd, 000394.057, 98
Trd, 000394.843, 100
Trd, 000395.100, 100
Trd, 000396.014, 99
Trd, 000396.200, 100.0
Trd, 000396.243, 100
Trd, 000396.400, 100
Trd, 000396.471, 100
Trd, 000396.529, 100
Trd, 000397.157, 99
Trd, 000397.871, 98
Trd, 000397.886, 97
Trd, 000399.286, 99
Trd, 000399.771, 99
Trd, 000399.971, 100
Trd, 000400.200, 100
Trd, 000400.414, 97
Trd, 000401.043, 100
Trd, 000402.000, 100
Trd, 000402.343, 100
Trd, 000403.043, 97.0
Trd, 000403.086, 100
Trd, 000403.343, 100.0
Trd, 000403.743, 98
Trd, 000404.029, 98
Trd, 000404.400, 97
Trd, 000404.929, 100
Trd, 000405.171, 100
Trd, 000406.114, 100
Trd, 000406.743, 100.0
Trd, 000407.271, 99
Trd, 000407.314, 99
Trd, 000407.329, 98
Trd, 000408.243, 100
Trd, 000408.343, 100
Trd, 000408.729, 100
Trd, 000410.200, 100
Trd, 000410.971, 99
Trd, 000411.029, 98
Trd, 000411.486, 100
Trd, 000411.686, 100
Trd, 000411.800, 99.0
Trd, 000412.043, 97.0
Trd, 000412.671, 97
Trd, 000412.700, 100
Trd, 000412.743, 94.0
Trd, 000413.129, 100
Trd, 000413.157, 96
Trd, 000413.771, 100.0
Trd, 000413.786, 100
Trd, 000413.886, 100
Trd, 000414.029, 100
Trd, 000414.186, 99.0
Trd, 000415.529, 100
Trd, 000415.914, 105.0
Trd, 000416.471, 100
Trd, 000417.300, 100
Trd, 000417.557, 100
Trd, 000417.771, 100.0
Trd, 000418.386, 99
Trd, 000418.614, 98
Trd, 000418.757, 98.0
Trd, 000419.386, 100
Trd, 000419.443, 99
Trd, 000419.457, 97.0
Trd, 000420.771, 99
Trd, 000421.271, 100
Trd, 000421.429, 99
Trd, 000421.614, 100.0
Trd, 000421.843, 99
Trd, 000422.500, 100
Trd, 000423.271, 100
Trd, 000423.557, 100
Trd, 000423.657, 100
Trd, 000424.071, 100
Trd, 000424.629, 100
Trd, 000424.757, 100
Trd, 000425.486, 99
Trd, 000425.729, 98
Trd, 000425.929, 99
Trd, 000426.700, 100
Trd, 000426.757, 99
Trd, 000427.286, 98
Trd, 000427.400, 100
Trd, 000427.429, 100
Trd, 000428.543, 100
Trd, 000428.700, 98
Trd, 000429.200, 100
Trd, 000429.614, 100
Trd, 000429.629, 99.0
Trd, 000429.671, 97.0
Trd, 000430.086, 100
Trd, 000431.671, 98
Trd, 000432.271, 99
Trd, 000433.171, 99
Trd, 000433.371, 98
Trd, 000433.443, 100
Trd, 000433.857, 99.0
Trd, 000434.357, 100.0
Trd, 000434.743, 98
Trd, 000435.043, 100
Trd, 000435.229, 97
Trd, 000435.514, 100
Trd, 000437.214, 100
Trd, 000437.557, 98.0
Trd, 000437.714, 99
Trd, 000437.743, 100
Trd, 000438.229, 100
Trd, 000438.443, 102
Trd, 000439.000, 100
Trd, 000439.500, 100
Trd, 000440.386, 100
Trd, 000440.514, 100
Trd, 000441.571, 98.0
Trd, 000441.986, 98
Trd, 000443.200, 100
Trd, 000443.529, 100.0
Trd, 000443.829, 100
Trd, 000444.129, 100
Trd, 000444.286, 100
Trd, 000444.414, 98
Trd, 000444.514, 98
Trd, 000444.986, 99
Trd, 000445.171, 100.0
Trd, 000445.357, 100
Trd, 000446.386, 100
Trd, 000446.486, 100
Trd, 000446.757, 99.0
Trd, 000447.029, 100
Trd, 000447.200, 99
Trd, 000447.743, 100
Trd, 000448.000, 98
Trd, 000449.000, 98
Trd, 000449.514, 98
Trd, 000449.571, 98
Trd, 000450.314, 100
Trd, 000451.414, 97.0
Trd, 000451.571, 100
Trd, 000451.829, 100
Trd, 000452.257, 100
Trd, 000452.371, 100
Trd, 000453.357, 100
Trd, 000454.171, 99
Trd, 000454.200, 100
Trd, 000454.429, 100.0
Trd, 000454.957, 98
Trd, 000455.086, 100
Trd, 000455.143, 99
Trd, 000455.757, 98
Trd, 000455.871, 100
Trd, 000456.071, 100
Trd, 000457.029, 99
Trd, 000457.257, 99
Trd, 000457.314, 100
Trd, 000457.657, 100
Trd, 000457.729, 100
Trd, 000458.286, 99
Trd, 000458.543, 98
Trd, 000458.900, 100.0
Trd, 000459.514, 97
Trd, 000459.529, 99
Trd, 000460.800, 97.0
Trd, 000461.471, 100
Trd, 000461.886, 100
Trd, 000462.500, 100
Trd, 000463.157, 100
Trd, 000463.600, 100.0
Trd, 000464.529, 98
Trd, 000465.029, 99
Trd, 000465.057, 97
Trd, 000465.071, 100
Trd, 000465.729, 100
Trd, 000466.443, 100
Trd, 000466.457, 100
Trd, 000466.657, 100
Trd, 000466.800, 100.0
Trd, 000466.886, 100
Trd, 000467.057, 100
Trd, 000467.157, 102
Trd, 000467.543, 98
Trd, 000467.600, 104.0
Trd, 000467.943, 103
Trd, 000469.371, 98
Trd, 000470.143, 100
Trd, 000470.514, 100
Trd, 000470.771, 100
Trd, 000470.843, 100
Trd, 000471.014, 105.0
Trd, 000471.157, 100
Trd, 000471.414, 99
Trd, 000471.643, 99
Trd, 000471.800, 100
Trd, 000473.043, 100
Trd, 000473.329, 100
Trd, 000473.357, 102
Trd, 000473.643, 100
Trd, 000474.557, 99
Trd, 000474.700, 99
Trd, 000474.900, 100.0
Trd, 000475.129, 98
Trd, 000475.357, 100
Trd, 000475.514, 100
Trd, 000475.843, 100
Trd, 000476.529, 99.0
Trd, 000477.029, 94.0
Trd, 000477.414, 100
Trd, 000477.514, 105.0
Trd, 000477.629, 100
Trd, 000477.929, 107.0
Trd, 000478.000, 99.0
Trd, 000478.943, 101.0
Trd, 000479.557, 102.0
Trd, 000479.771, 104.0
Trd, 000480.171, 101.0
Trd, 000480.357, 100.0
Trd, 000480.729, 100
Trd, 000481.071, 101
Trd, 000481.357, 100
Trd, 000481.829, 100
Trd, 000481.857, 100
Trd, 000482.529, 100.0
Trd, 000483.129, 99
Trd, 000483.714, 97.0
Trd, 000483.743, 100
Trd, 000483.986, 99
Trd, 000484.986, 97
Trd, 000485.386, 100
Trd, 000486.000, 98.0
Trd, 000486.643, 99
Trd, 000486.729, 97.0
Trd, 000487.200, 99.0
Trd, 000487.243, 100.0
Trd, 000487.757, 100
Trd, 000488.071, 99
Trd, 000488.414, 100
Trd, 000489.129, 97
Trd, 000489.343, 100
Trd, 000489.443, 100
Trd, 000490.286, 99
Trd, 000490.586, 99
Trd, 000490.971, 100
Trd, 000491.500, 100.0
Trd, 000491.629, 98
Trd, 000491.814, 98
Trd, 000492.529, 100
Trd, 000492.771, 100
Trd, 000493.429, 99
Trd, 000493.757, 100
Trd, 000493.786, 100
Trd, 000494.186, 100
Trd, 000494.314, 100.0
Trd, 000494.371, 100
Trd, 000494.657, 100
Trd, 000495.086, 101
Trd, 000495.214, 100
Trd, 000495.629, 99
Trd, 000496.014, 97
Trd, 000496.500, 98
Trd, 000496.986, 99
Trd, 000497.486, 100
Trd, 000497.843, 97
Trd, 000499.843, 100
Trd, 000500.514, 100
Trd, 000500.586, 100
Trd, 000501.129, 99.0
Trd, 000501.300, 98.0
Trd, 000501.643, 98
Trd, 000501.857, 98
Trd, 000501.986, 99
Trd, 000502.086, 97.0
Trd, 000502.757, 98
Trd, 000502.871, 99
Trd, 000503.600, 100
Trd, 000503.686, 97
Trd, 000504.043, 100.0
Trd, 000504.243, 100
Trd, 000504.843, 100
Trd, 000505.129, 100
Trd, 000505.614, 100
Trd, 000505.829, 100
Trd, 000506.129, 100.0
Trd, 000507.100, 99
Trd, 000507.443, 99
Trd, 000508.429, 98
Trd, 000509.229, 99
Trd, 000509.371, 98
Trd, 000509.643, 100
Trd, 000509.743, 100.0
Trd, 000509.843, 100
Trd, 000510.071, 99
Trd, 000510.971, 100
Trd, 000511.357, 100
Trd, 000511.771, 99
Trd, 000512.171, 100
Trd, 000512.443, 100
Trd, 000513.157, 100
Trd, 000513.257, 100
Trd, 000513.757, 99
Trd, 000513.943, 100
Trd, 000514.743, 98
Trd, 000514.814, 97
Trd, 000514.900, 100
Trd, 000515.100, 100
Trd, 000515.557, 100
Trd, 000516.900, 103
Trd, 000517.100, 101
Trd, 000517.414, 100
Trd, 000517.500, 100
Trd, 000517.571, 100
Trd, 000518.114, 100
Trd, 000518.286, 100
Trd, 000518.371, 101.0
Trd, 000518.657, 100
Trd, 000518.886, 102
Trd, 000519.400, 100
Trd, 000519.857, 100
Trd, 000519.914, 99
Trd, 000521.286, 99
Trd, 000521.614, 100
Trd, 000522.157, 98
Trd, 000522.443, 97
Trd, 000522.757, 99
Trd, 000523.014, 99
Trd, 000523.800, 99
Trd, 000524.114, 100
Trd, 000524.214, 100.0
Trd, 000524.343, 97.0
Trd, 000524.629, 97
Trd, 000525.286, 100
Trd, 000525.900, 98
Trd, 000526.157, 100
Trd, 000526.643, 97.0
Trd, 000527.057, 100
Trd, 000527.286, 100
Trd, 000527.743, 100
Trd, 000527.757, 100
Trd, 000528.029, 100
Trd, 000528.229, 100
Trd, 000529.043, 100.0
Trd, 000529.600, 99
Trd, 000529.871, 99
Trd, 000530.286, 99
Trd, 000530.314, 100
Trd, 000530.343, 97
Trd, 000531.100, 100
Trd, 000531.886, 100
Trd, 000533.471, 99.0
Trd, 000533.914, 100
Trd, 000534.000, 100
Trd, 000534.143, 100.0
Trd, 000534.329, 100
Trd, 000534.386, 99
Trd, 000534.600, 100
Trd, 000535.186, 99
Trd, 000535.471, 98
Trd, 000535.586, 100
Trd, 000536.029, 98
Trd, 000536.229, 98
Trd, 000537.371, 100
Trd, 000537.729, 100
Trd, 000537.757, 100
Trd, 000538.300, 99.0
Trd, 000538.557, 100.0
Trd, 000539.700, 100
Trd, 000540.029, 100
Trd, 000540.314, 100
Trd, 000540.529, 100
Trd, 000540.800, 99
Trd, 000540.929, 100
Trd, 000541.614, 98
Trd, 000542.100, 99
Trd, 000542.157, 98
Trd, 000542.871, 100
Trd, 000542.971, 98.0
Trd, 000543.814, 97
Trd, 000544.143, 97.0
Trd, 000544.500, 98.0
Trd, 000544.743, 100
Trd, 000545.529, 100
Trd, 000545.857, 100.0
Trd, 000545.871, 100
Trd, 000546.229, 100
Trd, 000546.300, 102
Trd, 000546.800, 100
Trd, 000547.286, 100
Trd, 000547.800, 100
Trd, 000548.014, 100
Trd, 000548.143, 99
Trd, 000548.200, 99
Trd, 000548.700, 99
Trd, 000549.429, 100
Trd, 000549.671, 100
Trd, 000550.171, 100
Trd, 000550.529, 99
Trd, 000551.000, 98
Trd, 000551.857, 100
Trd, 000552.357, 100
Trd, 000553.371, 99
Trd, 000553.586, 98
Trd, 000553.857, 100
Trd, 000554.400, 100
Trd, 000555.400, 100
Trd, 000555.529, 100
Trd, 000555.629, 97
Trd, 000556.500, 99
Trd, 000556.786, 99
Trd, 000557.157, 100
Trd, 000557.329, 98
Trd, 000557.600, 100.0
Trd, 000557.629, 100
Trd, 000558.657, 99
Trd, 000559.471, 99
Trd, 000559.829, 98
Trd, 000560.186, 99
Trd, 000560.229, 100
Trd, 000560.386, 100
Trd, 000561.714, 99
Trd, 000562.114, 99.0
Trd, 000562.243, 100
Trd, 000562.414, 99.0
Trd, 000563.200, 99
Trd, 000563.571, 97
Trd, 000564.243, 99
Trd, 000564.543, 100
Trd, 000564.657, 100
Trd, 000564.771, 100
Trd, 000564.800, 100
Trd, 000565.886, 100
Trd, 000566.543, 100
Trd, 000567.043, 100
Trd, 000567.443, 100
Trd, 000567.886, 100.0
Trd, 000568.057, 99
Trd, 000568.743, 99
Trd, 000568.914, 100
Trd, 000569.186, 98
Trd, 000569.257, 97.0
Trd, 000569.871, 100
Trd, 000570.029, 100
Trd, 000570.214, 100
Trd, 000570.400, 100
Trd, 000570.871, 100
Trd, 000571.143, 99
Trd, 000572.071, 100
Trd, 000572.757, 100
Trd, 000572.843, 100
Trd, 000572.957, 97
Trd, 000573.243, 97.0
Trd, 000573.771, 100
Trd, 000573.929, 94.0
Trd, 000574.514, 100
Trd, 000575.743, 100.0
Trd, 000575.871, 99
Trd, 000575.886, 100
Trd, 000576.171, 100
Trd, 000576.229, 99
Trd, 000577.771, 100
Trd, 000578.286, 100
Trd, 000578.371, 100
Trd, 000578.614, 100
Trd, 000578.814, 100
Trd, 000579.743, 100
Trd, 000579.800, 98
Trd, 000579.886, 100
Trd, 000580.129, 100
Trd, 000580.371, 100.0
Trd, 000580.800, 99
Trd, 000581.171, 100
Trd, 000582.071, 100
Trd, 000582.257, 99
Trd, 000582.471, 100
Trd, 000582.757, 100
Trd, 000582.829, 98
Trd, 000582.843, 97.0
Trd, 000583.529, 98
Trd, 000584.100, 99
Trd, 000584.386, 97
Trd, 000584.486, 100
Trd, 000585.643, 100
Trd, 000586.886, 99
Trd, 000587.000, 100
Trd, 000587.371, 100
Trd, 000587.443, 98
Trd, 000587.500, 100
Trd, 000587.843, 100.0
Trd, 000587.957, 97
Trd, 000588.471, 99.0
Trd, 000588.514, 100
Trd, 000588.929, 98
Trd, 000589.671, 100
Trd, 000589.857, 100
Trd, 000590.043, 100
Trd, 000590.500, 98
Trd, 000591.143, 99
Trd, 000591.714, 97
Trd, 000592.029, 100
Trd, 000592.343, 100.0
Trd, 000592.514, 100
Trd, 000592.786, 100
Trd, 000593.129, 99
Trd, 000593.143, 100
Trd, 000593.500, 100
Trd, 000594.614, 100
Trd, 000594.657, 99
Trd, 000594.800, 102
Trd, 000596.129, 100
Trd, 000596.214, 99
Trd, 000596.543, 99
Trd, 000596.643, 98
Trd, 000596.771, 100
Trd, 000597.186, 100
Trd, 000597.214, 100
Trd, 000597.586, 100.0
Trd, 000598.029, 100
Trd, 000598.357, 108.0
Trd, 000598.943, 100.0
Trd, 000599.157, 100
Trd, 000599.300, 100
Trd, 000599.714, 103
Trd, 000599.729, 105.0
Trd, 000599.886, 100
Trd, 000600.243, 100
Trd, 000600.643, 100
Trd, 000600.714, 100
Trd, 000600.929, 100
Trd, 000601.314, 100
Trd, 000601.857, 97.0
Trd, 000602.300, 100.0
Trd, 000602.700, 100.0
Trd, 000603.343, 100
Trd, 000603.500, 100
Trd, 000603.571, 100
Trd, 000604.700, 100.0
Trd, 000604.714, 99
Trd, 000605.071, 100
Trd, 000605.629, 100
Trd, 000605.700, 100
Trd, 000605.886, 100
Trd, 000606.143, 99
Trd, 000606.171, 99
Trd, 000607.871, 100
Trd, 000608.000, 100
Trd, 000608.329, 99
Trd, 000608.486, 97.0
Trd, 000609.757, 99
Trd, 000610.343, 100
Trd, 000610.486, 100.0
Trd, 000610.657, 98
Trd, 000611.129, 99
Trd, 000611.529, 100
Trd, 000611.714, 98
Trd, 000611.929, 97
Trd, 000612.014, 100
Trd, 000612.814, 100
Trd, 000612.829, 100
Trd, 000613.014, 100
Trd, 000613.657, 100
Trd, 000614.186, 100.0
Trd, 000614.871, 98
Trd, 000615.000, 99
Trd, 000615.143, 99
Trd, 000615.586, 99
Trd, 000617.057, 100
Trd, 000617.229, 99
Trd, 000617.414, 100
Trd, 000617.529, 100
Trd, 000618.443, 98.0
Trd, 000618.843, 98
Trd, 000619.171, 100
Trd, 000619.386, 98.0
Trd, 000619.429, 97.0
Trd, 000619.643, 100
Trd, 000620.471, 99
Trd, 000621.057, 100
Trd, 000621.814, 99
Trd, 000621.886, 100
Trd, 000623.186, 100
Trd, 000623.200, 100
Trd, 000623.471, 100
Trd, 000623.586, 99
Trd, 000624.414, 99
Trd, 000624.829, 100.0
Trd, 000624.871, 99
Trd, 000625.229, 99
Trd, 000625.543, 100
Trd, 000625.829, 100
Trd, 000625.857, 100
Trd, 000625.886, 100
Trd, 000626.214, 100
Trd, 000626.429, 98
Trd, 000628.429, 100
Trd, 000628.443, 100
Trd, 000628.857, 100
Trd, 000629.171, 100
Trd, 000629.686, 98
Trd, 000629.800, 99
Trd, 000630.543, 99
Trd, 000630.686, 100
Trd, 000631.057, 99
Trd, 000631.343, 99
Trd, 000631.500, 100
Trd, 000631.914, 98
Trd, 000632.171, 100
Trd, 000632.343, 100.0
Trd, 000633.729, 98
Trd, 000634.471, 98
Trd, 000634.657, 100
Trd, 000635.086, 100
Trd, 000635.286, 100
Trd, 000636.257, 100.0
Trd, 000636.271, 100.0
Trd, 000636.457, 97.0
Trd, 000636.600, 102
Trd, 000636.614, 108.0
Trd, 000636.857, 100
Trd, 000636.986, 97
Trd, 000638.371, 98
Trd, 000638.829, 100.0
Trd, 000639.057, 100
Trd, 000640.729, 100
Trd, 000640.743, 101
Trd, 000641.029, 100
Trd, 000641.529, 100
Trd, 000642.143, 100
Trd, 000642.300, 99
Trd, 000642.314, 98
Trd, 000642.529, 100
Trd, 000642.643, 99
Trd, 000643.029, 99
Trd, 000643.200, 97
Trd, 000643.543, 98
Trd, 000643.843, 100
Trd, 000643.957, 100
Trd, 000644.086, 98.0
Trd, 000644.557, 97.0
Trd, 000644.786, 100
Trd, 000645.414, 99
Trd, 000646.071, 97
Trd, 000646.929, 100
Trd, 000647.300, 100.0
Trd, 000647.371, 97
Trd, 000648.029, 99
Trd, 000648.529, 100
Trd, 000649.614, 100
Trd, 000649.900, 100
Trd, 000650.243, 100
Trd, 000650.314, 100
Trd, 000650.457, 100
Trd, 000651.486, 99
Trd, 000652.143, 99
Trd, 000652.543, 100.0
Trd, 000652.557, 99
Trd, 000652.629, 98
Trd, 000653.100, 100
Trd, 000653.386, 98
Trd, 000654.443, 100
Trd, 000654.500, 99.0
Trd, 000654.671, 98
Trd, 000655.171, 100
Trd, 000656.214, 99.0
Trd, 000656.871, 100
Trd, 000657.243, 99.0
Trd, 000657.357, 100
Trd, 000657.629, 100
Trd, 000657.729, 100
Trd, 000657.786, 100
Trd, 000658.000, 98
Trd, 000658.871, 99
Trd, 000660.043, 100
Trd, 000660.314, 100
Trd, 000660.743, 99
Trd, 000660.886, 100
Trd, 000661.643, 97.0
Trd, 000661.757, 98
Trd, 000662.414, 100.0
Trd, 000662.529, 98
Trd, 000663.200, 100
Trd, 000663.300, 100
Trd, 000663.729, 97
Trd, 000664.014, 99
Trd, 000665.257, 100
Trd, 000665.471, 100
Trd, 000666.543, 100
Trd, 000666.600, 100
Trd, 000666.729, 100
Trd, 000666.786, 100
Trd, 000667.371, 100
Trd, 000667.657, 100
Trd, 000667.843, 99
Trd, 000668.329, 100
Trd, 000668.443, 99
Trd, 000668.800, 99
Trd, 000668.814, 100
Trd, 000668.914, 98
Trd, 000669.957, 100
Trd, 000670.471, 100
Trd, 000670.771, 100.0
Trd, 000670.986, 100
Trd, 000671.000, 100
Trd, 000671.414, 100
Trd, 000671.514, 102
Trd, 000671.814, 105.0
Trd, 000672.371, 100
Trd, 000672.414, 100
Trd, 000672.743, 100
Trd, 000673.800, 99
Trd, 000674.171, 100
Trd, 000674.229, 100
Trd, 000674.357, 99
Trd, 000674.843, 98
Trd, 000675.057, 100
Trd, 000675.429, 94.0
Trd, 000676.314, 99.0
Trd, 000676.829, 100.0
Trd, 000677.029, 100
Trd, 000677.071, 97
Trd, 000677.329, 100
Trd, 000677.814, 98.0
Trd, 000678.086, 98
Trd, 000678.214, 100
Trd, 000678.971, 97
Trd, 000679.143, 97
Trd, 000679.743, 100.0
Trd, 000680.186, 100
Trd, 000680.514, 100
Trd, 000681.343, 100
Trd, 000681.743, 100
Trd, 000682.529, 100
Trd, 000682.814, 99
Trd, 000683.157, 100
Trd, 000683.271, 100
Trd, 000684.229, 100.0
Trd, 000684.814, 99
Trd, 000685.714, 100
Trd, 000686.014, 100
Trd, 000686.343, 100
Trd, 000686.414, 100
Trd, 000686.671, 100
Trd, 000686.686, 99
Trd, 000686.914, 100
Trd, 000687.343, 99
Trd, 000687.714, 100
Trd, 000688.971, 100
Trd, 000689.271, 100
Trd, 000689.814, 99
Trd, 000689.943, 98
Trd, 000690.700, 97.0
Trd, 000691.157, 98
Trd, 000692.086, 100.0
Trd, 000692.100, 100
Trd, 000692.529, 99
Trd, 000692.586, 100
Trd, 000692.886, 98
Trd, 000693.200, 100
Trd, 000693.400, 100
Trd, 000693.486, 102
Trd, 000694.586, 100
Trd, 000695.029, 100
Trd, 000695.214, 100
Trd, 000695.786, 100
Trd, 000695.929, 99
Trd, 000696.486, 99
Trd, 000696.571, 100
Trd, 000696.871, 98
Trd, 000696.971, 99.0
Trd, 000697.271, 100.0
Trd, 000698.086, 99
Trd, 000698.886, 98.0
Trd, 000699.600, 99
Trd, 000699.686, 98.0
Trd, 000699.914, 100
Trd, 000700.014, 97.0
Trd, 000701.257, 98
Trd, 000701.386, 100
Trd, 000701.971, 100
Trd, 000702.086, 100
Trd, 000702.929, 100
Trd, 000703.114, 100
Trd, 000703.586, 100
Trd, 000703.686, 99
Trd, 000703.729, 98
Trd, 000704.314, 100
Trd, 000704.371, 100.0
Trd, 000704.557, 100
Trd, 000704.957, 100
Trd, 000704.971, 98
Trd, 000706.829, 100
Trd, 000707.057, 99
Trd, 000707.729, 99
Trd, 000708.171, 100
Trd, 000708.400, 98
Trd, 000708.457, 100
Trd, 000708.557, 100
Trd, 000708.614, 98
Trd, 000708.814, 100
Trd, 000709.357, 100
Trd, 000709.457, 100
Trd, 000709.600, 104.0
Trd, 000709.729, 98
Trd, 000709.757, 103.0
Trd, 000710.143, 100
Trd, 000710.886, 99
Trd, 000711.043, 99
Trd, 000711.786, 100
Trd, 000712.386, 100
Trd, 000712.629, 100
Trd, 000712.757, 99.0
Trd, 000712.914, 97.0
Trd, 000713.114, 101
Trd, 000713.529, 97
Trd, 000713.729, 105.0
Trd, 000714.629, 98
Trd, 000715.071, 97
Trd, 000715.429, 100
Trd, 000715.743, 100
Trd, 000716.643, 98
Trd, 000716.743, 98
Trd, 000717.029, 98
Trd, 000717.914, 100.0
Trd, 000718.229, 100
Trd, 000718.286, 100
Trd, 000718.657, 99
Trd, 000718.800, 97
Trd, 000719.071, 100
Trd, 000719.757, 100
Trd, 000720.186, 100
Trd, 000720.257, 100
Trd, 000720.771, 97
Trd, 000721.414, 97.0
Trd, 000722.186, 99
Trd, 000722.300, 100
Trd, 000722.414, 100.0
Trd, 000723.343, 99
Trd, 000723.629, 100
Trd, 000724.257, 100
Trd, 000724.386, 99
Trd, 000724.657, 100
Trd, 000725.257, 100
Trd, 000725.271, 100
Trd, 000725.657, 100
Trd, 000725.771, 99
Trd, 000725.929, 98
Trd, 000726.129, 100
Trd, 000727.371, 99
Trd, 000727.457, 98
Trd, 000727.543, 100
Trd, 000727.571, 100
Trd, 000727.871, 100
Trd, 000727.986, 98
Trd, 000728.271, 102
Trd, 000728.314, 100
Trd, 000728.329, 105.0
Trd, 000728.943, 100
Trd, 000729.171, 100
Trd, 000729.614, 102
Trd, 000729.700, 100
Trd, 000730.571, 100
Trd, 000730.714, 105.0
Trd, 000730.957, 100.0
Trd, 000731.614, 103
Trd, 000731.743, 102
Trd, 000733.114, 102
Trd, 000733.357, 102
Trd, 000733.871, 101
Trd, 000734.043, 102
Trd, 000734.614, 102
Trd, 000734.714, 102
Trd, 000734.757, 101
Trd, 000734.914, 100
Trd, 000734.986, 100
Trd, 000735.071, 100
Trd, 000735.143, 101
Trd, 000735.886, 101
Trd, 000736.186, 100
Trd, 000736.386, 100.0
Trd, 000736.714, 100
Trd, 000737.029, 99
Trd, 000737.786, 97.0
Trd, 000738.857, 100
Trd, 000739.457, 98
Trd, 000739.486, 97.0
Trd, 000739.700, 100
Trd, 000739.757, 102
Trd, 000739.943, 99.0
Trd, 000741.543, 100
Trd, 000742.329, 99
Trd, 000742.343, 100
Trd, 000742.486, 100
Trd, 000742.686, 100
Trd, 000742.857, 100
Trd, 000743.471, 99
Trd, 000743.557, 100
Trd, 000743.929, 100
Trd, 000744.229, 98
Trd, 000745.229, 99
Trd, 000745.543, 99
Trd, 000745.771, 100
Trd, 000746.343, 100
Trd, 000746.500, 98
Trd, 000747.129, 100
Trd, 000747.314, 99
Trd, 000747.457, 100
Trd, 000747.614, 100
Trd, 000747.886, 98
Trd, 000747.957, 99.0
Trd, 000750.429, 99
Trd, 000751.186, 99
Trd, 000751.314, 100.0
Trd, 000751.600, 99
Trd, 000752.057, 100
Trd, 000752.429, 100
Trd, 000752.443, 100
Trd, 000753.157, 98
Trd, 000753.243, 98
Trd, 000754.200, 100
Trd, 000754.414, 100
Trd, 000755.286, 99.0
Trd, 000755.486, 100
Trd, 000755.657, 100
Trd, 000755.771, 99.0
Trd, 000756.000, 100
Trd, 000756.057, 98
Trd, 000756.957, 100
Trd, 000757.329, 98
Trd, 000757.571, 100
Trd, 000757.971, 100
Trd, 000758.214, 100.0
Trd, 000758.800, 100
Trd, 000759.243, 101
Trd, 000759.343, 105.0
Trd, 000759.629, 100
Trd, 000759.643, 100.0
Trd, 000759.871, 99
Trd, 000760.357, 100
Trd, 000760.886, 99
Trd, 000761.957, 98
Trd, 000762.114, 100
Trd, 000762.429, 100
Trd, 000762.514, 98
Trd, 000763.086, 100
Trd, 000763.471, 99
Trd, 000763.586, 98
Trd, 000763.686, 102
Trd, 000764.357, 97.0
Trd, 000764.643, 99
Trd, 000764.814, 100
Trd, 000765.086, 100
Trd, 000765.157, 100
Trd, 000766.829, 99.0
Trd, 000767.114, 98
Trd, 000767.143, 100.0
Trd, 000768.900, 100
Trd, 000768.929, 100
Trd, 000769.086, 100
Trd, 000769.343, 100
Trd, 000769.686, 102
Trd, 000770.114, 105.0
Trd, 000770.629, 103.0
Trd, 000771.314, 101
Trd, 000771.600, 103
Trd, 000771.757, 101
Trd, 000772.057, 101
Trd, 000772.514, 100
Trd, 000772.571, 100
Trd, 000772.943, 100.0
Trd, 000773.357, 100
Trd, 000773.571, 99
Trd, 000773.757, 99
Trd, 000773.957, 97.0
Trd, 000776.486, 98
Trd, 000776.800, 99
Trd, 000776.814, 99
Trd, 000776.914, 100
Trd, 000777.357, 100
Trd, 000777.500, 97
Trd, 000777.614, 100
Trd, 000778.414, 100
Trd, 000778.429, 99
Trd, 000779.186, 100
Trd, 000779.229, 99
Trd, 000779.800, 99
Trd, 000779.943, 100
Trd, 000780.800, 100
Trd, 000781.029, 101
Trd, 000781.414, 100
Trd, 000782.100, 99
Trd, 000782.243, 99
Trd, 000782.886, 100
Trd, 000783.014, 102
Trd, 000783.357, 100
Trd, 000783.986, 103.0
Trd, 000784.029, 100
Trd, 000784.671, 100
Trd, 000784.886, 103.0
Trd, 000785.143, 100
Trd, 000785.686, 100.0
Trd, 000785.743, 97.0
Trd, 000785.986, 100
Trd, 000786.957, 100
Trd, 000787.757, 100
Trd, 000788.043, 100
Trd, 000788.086, 100
Trd, 000789.814, 100
Trd, 000790.186, 100
Trd, 000790.514, 98
Trd, 000791.057, 100
Trd, 000791.443, 99
Trd, 000791.943, 99
Trd, 000791.971, 100
Trd, 000792.457, 99
Trd, 000792.700, 98
Trd, 000792.914, 99
Trd, 000793.729, 99
Trd, 000794.471, 99
Trd, 000794.986, 100
Trd, 000795.071, 100
Trd, 000795.100, 100
Trd, 000795.329, 100
Trd, 000795.957, 100.0
Trd, 000795.971, 98
Trd, 000796.714, 100
Trd, 000796.900, 99
Trd, 000797.971, 100
Trd, 000798.143, 100
Trd, 000798.186, 99
Trd, 000798.314, 97.0
Trd, 000798.657, 100
Trd, 000798.943, 100
Trd, 000799.886, 100
Trd, 000800.529, 99
Trd, 000800.686, 100
Trd, 000801.386, 100
Trd, 000801.586, 97
Trd, 000802.557, 97.0
Trd, 000802.643, 98
Trd, 000803.157, 97
Trd, 000803.629, 99
Trd, 000804.029, 100
Trd, 000804.129, 100
Trd, 000804.143, 100.0
Trd, 000804.714, 98
Trd, 000805.629, 98
Trd, 000806.043, 98
Trd, 000806.200, 100
Trd, 000807.371, 100
Trd, 000807.857, 100
Trd, 000807.986, 99
Trd, 000808.786, 100
Trd, 000808.857, 100
Trd, 000809.871, 99
Trd, 000810.229, 98
Trd, 000810.343, 99
Trd, 000810.771, 100
Trd, 000812.114, 100
Trd, 000812.286, 100
Trd, 000812.871, 100.0
Trd, 000812.957, 100
Trd, 000812.971, 98
Trd, 000813.157, 100
Trd, 000813.171, 100
Trd, 000813.514, 100
Trd, 000814.429, 99
Trd, 000814.786, 100
Trd, 000814.871, 100
Trd, 000815.271, 100
Trd, 000815.943, 98
Trd, 000816.571, 100
Trd, 000816.686, 100
Trd, 000817.129, 100
Trd, 000817.614, 99
Trd, 000817.729, 99
Trd, 000817.929, 100
Trd, 000818.857, 99
Trd, 000818.914, 98
Trd, 000818.986, 100
Trd, 000819.171, 100
Trd, 000819.600, 100
Trd, 000820.343, 100
Trd, 000821.014, 100
Trd, 000821.514, 101
Trd, 000821.786, 100
Trd, 000822.457, 100
Trd, 000822.486, 100
Trd, 000823.057, 100
Trd, 000823.243, 100.0
Trd, 000823.686, 100
Trd, 000823.800, 100
Trd, 000824.657, 101
Trd, 000825.171, 101
Trd, 000825.886, 102
Trd, 000826.214, 101
Trd, 000826.257, 100
Trd, 000826.686, 100.0
Trd, 000827.043, 101
Trd, 000827.143, 100
Trd, 000827.157, 100
Trd, 000827.286, 99
Trd, 000828.529, 100
Trd, 000828.929, 100
Trd, 000829.357, 100
Trd, 000829.486, 100.0
Trd, 000829.586, 99
Trd, 000830.057, 98
Trd, 000830.314, 99
Trd, 000830.643, 100
Trd, 000831.429, 100
Trd, 000832.329, 99
Trd, 000832.543, 100
Trd, 000832.586, 98
Trd, 000832.843, 98.0
Trd, 000833.343, 100
Trd, 000834.514, 100
Trd, 000835.057, 99
Trd, 000835.700, 101
Trd, 000836.043, 101
Trd, 000836.457, 101
Trd, 000836.543, 100
Trd, 000837.243, 100.0
Trd, 000837.314, 100
Trd, 000837.714, 100
Trd, 000837.743, 99
Trd, 000837.943, 99
Trd, 000838.157, 98
Trd, 000838.171, 100
Trd, 000840.000, 98.0
Trd, 000840.014, 99
Trd, 000840.129, 97.0
Trd, 000840.443, 93.0
Trd, 000840.571, 98
Trd, 000841.914, 100
Trd, 000842.157, 97.0
Trd, 000842.257, 100
Trd, 000842.671, 100
Trd, 000842.943, 100
Trd, 000843.086, 98
Trd, 000843.171, 100
Trd, 000843.986, 98
Trd, 000844.814, 99.0
Trd, 000845.029, 100
Trd, 000845.143, 100
Trd, 000845.300, 99
Trd, 000845.786, 100
Trd, 000845.957, 100
Trd, 000846.014, 98
Trd, 000846.429, 100
Trd, 000846.514, 100
Trd, 000846.600, 99
Trd, 000846.643, 98
Trd, 000847.100, 100
Trd, 000847.843, 100.0
Trd, 000848.114, 99
Trd, 000849.914, 98
Trd, 000850.000, 99
Trd, 000850.400, 99
Trd, 000850.729, 100
Trd, 000851.214, 99
Trd, 000851.286, 100
Trd, 000851.857, 98
Trd, 000852.229, 99
Trd, 000853.014, 98
Trd, 000853.157, 100
Trd, 000853.500, 97
Trd, 000854.357, 100
Trd, 000854.400, 100.0
Trd, 000854.514, 100
Trd, 000855.000, 100
Trd, 000855.971, 98.0
Trd, 000855.986, 97.0
Trd, 000856.414, 100
Trd, 000857.343, 98
Trd, 000857.600, 99
Trd, 000857.629, 100
Trd, 000858.000, 97
Trd, 000858.257, 97
Trd, 000858.571, 99
Trd, 000858.929, 100
Trd, 000858.986, 100.0
Trd, 000859.200, 100
Trd, 000859.543, 99
Trd, 000860.057, 100
Trd, 000860.971, 99.0
Trd, 000861.429, 100
Trd, 000861.829, 100
Trd, 000862.014, 98.0
Trd, 000862.586, 100
Trd, 000862.643, 100
Trd, 000862.957, 98
Trd, 000863.729, 98.0
